"from","to","n"
"[Ilegible]","Revista Literaria",1
"AA. VV.","Lectura Amena",1
"Abella-Nouvrac, L","Alpha",1
"Abella Mendoza, Temístocles","Revista Literaria",2
"Acevedo, Graciliano","La Gruta",1
"Acosta de Samper, Soledad","Revista Literaria",3
"Acosta, Javier","La Gruta",9
"Acosta, Javier","Revista Contemporánea",3
"Acosta, Javier","Trofeos",3
"Acremant, Albert","Revista Alas",1
"Alba Barrenechea, Antonio","La Gruta",1
"Alba, E.","Lectura Amena",1
"Alcántara Jurado, Francisco","Revista Literaria",1
"Allais, Alphonse","Lectura Amena",1
"Altenberg, Peter","Alpha",2
"Altenberg, Peter","Panida",2
"Altenberg, Peter","Revista Contemporánea",1
"Álvarez Bonilla, Enrique","Revista Literaria",1
"Álvarez R., Lisandro","Revista Alas",1
"Álvarez, Bernardo","Revista Alas",1
"Álvarez, Lisandro","Revista Alas",1
"Ángel Montoya, Alberto","Revista Alas",1
"Aparicio, Alberto","CULTURA",6
"Arango Ferrer, Eleázar","Panida",4
"Arango Ferrer, Javier","Revista Alas",1
"Arango M, Gabriel","Alpha",1
"Arango Mejía, Gabriel","La Bohemia Alegre",2
"Arboleda, Arturo","La Gruta",1
"Arbós y Góngora","Alpha",1
"Arce, Julio César","La Gruta",1
"Arce, Julio César","Revista Contemporánea",3
"Arce, Julio César","Trofeos",1
"Arciniegas, Ismael Enrique","Lectura Amena",1
"Arciniegas, Ismael Enrique","Revista Literaria",1
"Argüello, Agenor","Revista Alas",1
"Arias Argáez, Daniel","Revista Moderna",1
"Asbjørnsen, Peter Christen","CULTURA",1
"Azorin, Felipe","Trofeos",1
"Bahr, Hermann","Alpha",1
"Banchs, Enrique","Revista Alas",1
"Barbier, Auguste","Alpha",1
"Barón, Felipe","Revista Moderna",2
"Barrès, Maurice","Alpha",2
"Barrès, Maurice","Trofeos",1
"Barreto, José María","Revista Moderna",1
"Barriga Paez, J.","Trofeos",1
"Barzini, Luigi","Alpha",1
"Bayona Posada, Jorge","Alpha",1
"Bayona Posada, Jorge","La Gruta",1
"Bayona Posada, Jorge","Panida",1
"Beaunier, André","Trofeos",1
"Becerra, Ricardo","Revista Moderna",1
"Bécquer, Gustavo Adolfo","Panida",1
"Bedout, C. de","Lectura Amena",1
"Bel, León","La Bohemia Alegre",3
"Bellaigue, Camile","Revista Moderna",1
"Bello, Andrés","Trofeos",1
"Benavente, Jacinto","Alpha",1
"Benavente, Jacinto","Panida",2
"Bengoechea, Alfredo de","Revista Contemporánea",1
"Bernal, Luis A.","Lectura Amena",1
"Betancourt Villegas, Félix","Alpha",4
"Biart, Lucien","Revista Literaria",1
"Bilac, Olavo","Revista Moderna",1
"Bissière, Roger","Revista Moderna",1
"Blaine, James G.","Revista Literaria",1
"Blanco Asenjo, Ricardo","Lectura Amena",1
"Blanco Fombona, Rufino","Lectura Amena",2
"Blanco Fombona, Rufino","Revista Moderna",3
"Blanco Fombona, Rufino","Trofeos",5
"Blanco y Sánchez, Rufino","Revista Literaria",2
"Blanco, Héctor","Lectura Amena",1
"Blanco, Ignacio","Revista Alas",3
"Blasco Ibáñez, Vicente","Alpha",1
"Blomberg, Héctor Pedro","Revista Alas",1
"Bloy, León","Trofeos",1
"Bobadilla, Emilio","Lectura Amena",1
"Bocquet, León","Trofeos",1
"Böhl de Faber y Ruiz de Larrea, Cecilia","Revista Literaria",1
"Bohorquez, Daniel","CULTURA",3
"Bolívar, Simón","Revista Moderna",1
"Bonilla, Manuel Antonio","Alpha",2
"Bonnard, Abel","Revista Moderna",1
"Botero Guerra, Camilo","Alpha",1
"Botero Guerra, Camilo","Lectura Amena",2
"Botero Saldarriaga, Roberto","Revista Alas",1
"Botero, Emiro","Revista Alas",2
"Bouret, Alonso","Lectura Amena",1
"Bourget, Paul","Lectura Amena",1
"Breen, M.","Lectura Amena",1
"Briand, Monsieur","Trofeos",1
"Briceño, Manuel","La Gruta",1
"Briceño, Manuel","Trofeos",1
"Brisay, Henry de","Revista Moderna",2
"Brooks, Adam","Alpha",1
"Bueno, Manuel","Revista Contemporánea",1
"Bunster, Cesar","Revista Alas",1
"Burns, Robert","Revista Literaria",1
"Cabello de Carbonera, Mercedes","Revista Literaria",2
"Cadenas, José Juan","Lectura Amena",1
"Caicedo Rojas, José","Revista Literaria",2
"Caicedo Rojas, José","Revista Moderna",1
"Calcaño, José A.","Revista Literaria",1
"Calcaño, Julio","Revista Literaria",1
"Calderón, Luis Eduardo","La Gruta",1
"Camacho Ramírez, Arturo","Hojas de Poesía",5
"Camacho Roldán, Salvador","Revista Literaria",1
"Camacho Roldán, Salvador","Revista Moderna",1
"Campo, Carlos Del","La Bohemia Alegre",1
"Campoamor, Ramón de","Revista Literaria",3
"Cañas, Juan José","Revista Moderna",1
"Cano Gutíérrez, Fidel","Alpha",4
"Cano Gutíérrez, Fidel","La Bohemia Alegre",1
"Cano Gutíérrez, Fidel","Lectura Amena",6
"Cano Torres, Antonio José","Alpha",4
"Cano Torres, Antonio José","Panida",4
"Cano Torres, Antonio José","Revista Contemporánea",1
"Cano Villegas, Gabriel","Alpha",1
"Cano, Antonio José","Lectura Amena",8
"Cano, Antonio José","Trofeos",1
"Cano, Luis","Alpha",3
"Cano, Luis","Lectura Amena",8
"Cantillo, Liborio D.","La Gruta",1
"Capuana, Luigi","Revista Literaria",1
"Carbonell, Gonzalo","La Gruta",1
"Carducci, Giosuè","Revista Literaria",1
"Carducci, Giosuè","Revista Moderna",1
"Carducci, Giosuè","Trofeos",7
"Caro, José Eusebio","Revista Literaria",10
"Caro, Miguel Antonio","Revista Literaria",6
"Caro, Miguel Antonio","Revista Moderna",2
"Carranza Fernández, Eduardo","Hojas de Poesía",9
"Carrasquilla L., Juan de Dios","Alpha",1
"Carrasquilla L., Juan de Dios","Revista Contemporánea",2
"Carrasquilla, Ricardo","Revista Literaria",1
"Carrasquilla, Tomás","Alpha",13
"Carrasquilla, Tomás","Lectura Amena",1
"Carrasquilla, Tomás","Revista Alas",1
"Carreño, Pedro M.","Revista Moderna",1
"Carrere, Emilio","Revista Moderna",1
"Carricarte, Arturo R. de","Alpha",1
"Carriego, Evaristo","Panida",2
"Carrillo, Enrique A.","Revista Moderna",5
"Carvajal, Alberto","Alpha",1
"Carvajal, Alberto","Revista Contemporánea",1
"Carvajal, Manuel Antonio","Alpha",3
"Carvajal, Manuel Antonio","CULTURA",7
"Carvajal, Manuel Antonio","Lectura Amena",2
"Carvajal, Manuel Antonio","Revista Contemporánea",3
"Carvajal, Manuel Antonio","Trofeos",6
"Casal, Julián del","Lectura Amena",1
"Casas Castañeda, José Joaquín","Revista Moderna",4
"Casas Castañeda, Vicente","Revista Moderna",1
"Castello, Carlos","La Gruta",4
"Castello, Manuel","La Gruta",1
"Castillo, Eduardo","CULTURA",4
"Castillo, Eduardo","Revista Alas",2
"Castillo, Eduardo","Trofeos",2
"Castro y Serrano, José de","Revista Literaria",1
"Castro, Alfonso","Alpha",2
"Castro, Alfonso","CULTURA",1
"Castro, Alfonso","Lectura Amena",5
"Castro, Alfonso","Revista Alas",3
"Castro, Eugenio de","Trofeos",1
"Cervantes, Edmundo","La Gruta",1
"Cervera, Manuel","Lectura Amena",1
"Cervera, Manuel","Trofeos",3
"Céspedes, Ángel María","CULTURA",1
"Céspedes, Ángel María","Trofeos",3
"Cestero, Tulio","Revista Moderna",1
"Cestero, Tulio","Trofeos",2
"Chaves, J.R.","La Gruta",1
"Chénier, André","Trofeos",1
"Claretie, Jules","Revista Moderna",1
"Claussen, Sophus","Panida",1
"Clímaco, Silva","Revista Moderna",1
"Cobban, J. MacLaren","Revista Literaria",1
"Coll, Pedro Emilio","Revista Moderna",1
"Colorado, Vicente","Revista Literaria",1
"Comandante de Civrieux","Revista Moderna",1
"Consuegra, Manuel S.","La Gruta",1
"Cooke, John Esten","Revista Literaria",1
"Coppée, François","Revista Literaria",1
"Coppée, François","Revista Moderna",1
"Coradine, Alberto","CULTURA",8
"Cordovez Moure, José María","Revista Moderna",1
"Corral, M. Antonio del","La Bohemia Alegre",1
"Correa U., Emilio","Panida",4
"Correa, Ramón","Alpha",1
"Covarrubias, Miguel","Revista Alas",1
"Cuervo Márquez, Carlos","Revista Moderna",6
"Cuervo Márquez, Emilio","Alpha",1
"Cuervo Márquez, Emilio","Revista Alas",1
"Cuervo Márquez, Emilio","Revista Moderna",8
"Cuervo, Luis Augusto","Revista Moderna",1
"Cuervo, Rufino José","Revista Contemporánea",1
"Cuervo, Rufino José","Trofeos",2
"D'Annunzio, Gabriele","Lectura Amena",2
"D'Annunzio, Gabriele","Revista Contemporánea",2
"D'Annunzio, Gabriele","Trofeos",1
"D'Avenel, Vizconde","Revista Moderna",1
"D'Enjoÿ, Paul","Lectura Amena",1
"D'Oribe, R.","Alpha",1
"D'Oribe, R.","La Gruta",1
"D'Oribe, R.","Revista Contemporánea",3
"D'Oribe, R.","Trofeos",2
"d'Ors, Eugenio","CULTURA",1
"d'Ors, Eugenio","Lectura Amena",3
"d'Ors, Eugenio","Panida",1
"d'Ors, Eugenio","Revista Contemporánea",1
"d'Ors, Eugenio","Revista Literaria",1
"D'Ors, Eugenio","Revista Moderna",2
"Dahlgren, E.N.","Revista Moderna",1
"Darío, Rubén","Alpha",1
"Darío, Rubén","Lectura Amena",6
"Darío, Rubén","Panida",5
"Darío, Rubén","Revista Alas",1
"Darío, Rubén","Revista Contemporánea",1
"Darío, Rubén","Revista Moderna",1
"Darío, Rubén","Trofeos",2
"Daudet, Alphonse","Lectura Amena",2
"Daudet, Alphonse","Revista Literaria",1
"Davray, Henry-D.","Trofeos",1
"De Creta, Ruy","Alpha",1
"De la Cruz, Efraím","Alpha",2
"de la Cruz, Jorge","Alpha",4
"de la Rosa, Leopoldo","Hojas de Poesía",7
"de la Rosa, Leopoldo","Trofeos",1
"De Narváez, Antonio","Revista Moderna",1
"de Parville, Henry","Alpha",1
"de Pombo, Lino","Revista Moderna",1
"Delgado, Jorge E.","Alpha",1
"Deslys, Charles","Revista Literaria",1
"Desroix, Jacques","Trofeos",1
"Déubel, Leon","Alpha",1
"Díaz del Castillo, Ildefonso","Revista Literaria",1
"Díaz Rodríguez, Manuel","Revista Moderna",1
"Díaz Romero, Eugenio","Revista Contemporánea",2
"Díaz, Leopoldo","Lectura Amena",1
"Díaz, Leopoldo","Panida",1
"Díaz, Leopoldo","Trofeos",2
"Díaz, Pedro Pablo","Alpha",1
"Dicenta, Joaquín","Lectura Amena",8
"Díez-Canedo, Enrique","Panida",1
"Díez Canedo, Manuel","Revista Moderna",1
"Diuribía, Marcel","La Bohemia Alegre",1
"Donato Navarro, M.","Lectura Amena",1
"Dumas, Joël","Trofeos",2
"Duque Bernal, Augusto","Revista Alas",1
"Duque Uribe, Rafael","Revista Contemporánea",4
"E.P","Trofeos",1
"Eastman, Maria","Revista Alas",1
"Eastman, Tomás O","Alpha",2
"Eça De Queiroz, José Maria","Revista Alas",2
"Echagüe, Francisco","Lectura Amena",1
"Echavarría y Larrazábal, Raimundo","Revista Alas",1
"Echegorri, P.","Lectura Amena",1
"Echeverri Peláez, Alfonso","Revista Alas",4
"Echeverri, Alonso","Revista Alas",1
"Echeverría, Eduardo","La Gruta",3
"Echeverría, Marcelino","La Gruta",2
"EDOS","La Gruta",1
"Eraña, Silverio","Alpha",1
"Escobar Larrazábal, Melitón","CULTURA",8
"Escobar Padilla, Cenón","Revista Moderna",1
"Escobar R., Eusebio","Revista Literaria",1
"Escobar Roa, Rafael","La Gruta",2
"Escobar Rojo, Severo","Alpha",4
"Escobar Sarmiento, Ricardo","Trofeos",2
"Escobar Uribe, Jorge","Panida",6
"Escobar, F.S.","La Gruta",1
"Escobar, Mario","La Gruta",3
"Escobar, Pedro Ignacio","La Gruta",7
"Esguerra Ortiz, Joaquín","Revista Literaria",1
"Esguerra, Manuel","Revista Moderna",2
"Espinosa Guzmán, Rafael","La Gruta",28
"Espinosa Guzmán, Rafael","Trofeos",2
"Esquivel Obregón, Toribio","Revista Moderna",1
"Fallon Carrión, Diego","Revista Moderna",1
"Febres Cordero, Tulio","Revista Literaria",1
"Fernández Avendano, Enrique Wenceslao","Lectura Amena",1
"Fernández Avendano, Enrique Wenceslao","Revista Literaria",3
"Fernández García, Alejandro","Lectura Amena",2
"Fernández García, Alejandro","Trofeos",1
"Fernández Ríos, Ovidio","Panida",1
"Ferrari, Emilio","Revista Literaria",1
"Ferrer, Jesús","La Bohemia Alegre",4
"Ferrero, Guillermo","Revista Moderna",1
"Floralba","La Gruta",2
"Floralba","Trofeos",1
"Flórez, Julio","La Gruta",3
"Flórez, Julio","Lectura Amena",2
"Fort, Paul","Panida",3
"Fort, Paul","Trofeos",1
"France, Anatole","Panida",1
"Francés, José","Panida",1
"Francisco, Julio de","La Gruta",5
"Fx. B.","Lectura Amena",1
"Gaitán O, Gustavo","Revista Contemporánea",1
"Gaitán O., Gustavo","La Gruta",3
"Galindo, Aníbal","Revista Literaria",1
"Gálvez, Manuel (hijo)","Revista Contemporánea",1
"Gamboa, Isaías","Lectura Amena",1
"Gamboa, Mateo","Lectura Amena",1
"Gamero, Luis","Alpha",1
"Garcés, Enrique","CULTURA",2
"Garcia Calvo, Federico","Revista Contemporánea",1
"García Ortiz, Laureano","Revista Contemporánea",3
"Garcia Pujol, Domingo","CULTURA",3
"García Rico, Francisco","La Gruta",1
"García, Juan Crisóstomo","Revista Moderna",1
"Garrido, Gilberto","Revista Alas",1
"Garrido, Pablo","Revista Alas",1
"Gartner, Hugo","Alpha",1
"Gautier, Judith","Revista Moderna",2
"Gautier, Théophile","Lectura Amena",1
"Gaviria Arango, Enrique","La Bohemia Alegre",1
"Gaviria, José A.","Alpha",2
"Gebhart, Émile","Revista Moderna",1
"Gerin, Gabriel","Lectura Amena",1
"Gide, André","Alpha",2
"Gide, André","Trofeos",1
"Gil, Constantino","Revista Literaria",2
"Gil, Ricardo","Lectura Amena",1
"Gil, Rivero","Hojas de Poesía",20
"Gill, Charles","Revista Moderna",1
"Giraldo, Francisco","Trofeos",1
"Giraud, Victor","Trofeos",1
"Girón, Lázaro María","Revista Literaria",1
"Gómez Barrientos, Estanislao","Alpha",5
"Gómez Carrillo, Enrique","Alpha",1
"Gómez Carrillo, Enrique","La Gruta",1
"Gómez Carrillo, Enrique","Lectura Amena",4
"Gómez Carrillo, Enrique","Revista Alas",1
"Gómez Carrillo, Enrique","Revista Moderna",1
"Gómez Carrillo, Enrique","Trofeos",1
"Gómez de Baquero, Eduardo","Revista Literaria",2
"Gómez E., Bernardo","Lectura Amena",2
"Gómez Escobar, Francisco","Alpha",2
"Gómez Escobar, Francisco","La Bohemia Alegre",1
"Gómez Escobar, Francisco","Lectura Amena",1
"Gomez Jaime de Abadia, Herminia","CULTURA",1
"Gómez Jaime, Alfredo","La Gruta",3
"Gómez Jaime, Alfredo","Revista Contemporánea",1
"Gomez Naranjo, Abelardo","CULTURA",2
"Gómez Restrepo, Antonio María","Alpha",2
"Gómez Restrepo, Antonio María","CULTURA",1
"Gómez Restrepo, Antonio María","Revista Contemporánea",2
"Gómez Restrepo, Antonio María","Revista Literaria",3
"Gómez Restrepo, Antonio María","Revista Moderna",2
"Gómez Restrepo, Antonio María","Trofeos",8
"Gómez, L.","Panida",4
"Gómez, Lucas","Lectura Amena",1
"Gómez, Pedro Nel","Revista Alas",1
"Gómez, Plinio","La Gruta",1
"Gomperz, Theodor","Trofeos",4
"Gonzaga Urbina, Luis","Lectura Amena",1
"González Blanco, Andrés","Panida",4
"González Martínez, Enrique","Revista Alas",1
"González Ochoa, Fernando","Panida",6
"González Serrano, Urbano","Lectura Amena",1
"González Suárez, Federico","Revista Literaria",1
"González, Pelayo","Revista Alas",2
"Gorki, Maksim","Lectura Amena",1
"Gourmont, Remy de","Alpha",3
"Gourmont, Remy de","Panida",1
"Gourmont, Remy de","Revista Moderna",1
"Goyau, Georges","Revista Moderna",1
"Graf, Arturo","Panida",1
"Gramont, Luciano","Lectura Amena",1
"Grant, Allen","Revista Contemporánea",2
"Gray, Mortimer","Revista Alas",1
"Greiff, León de","Hojas de Poesía",1
"Greiff, León de","Panida",6
"Greiff, León de","Revista Alas",1
"Greiff, Luis de","Lectura Amena",2
"Greiner Aubin, Gabriel","Revista Alas",1
"Grillo, Maximiliano","Alpha",2
"Grillo, Maximiliano","CULTURA",1
"Grillo, Maximiliano","La Gruta",4
"Grillo, Maximiliano","Lectura Amena",1
"Grillo, Maximiliano","Revista Contemporánea",10
"Grillo, Maximiliano","Trofeos",5
"Groot, José Manuel","Lectura Amena",1
"Güell, Joaquín M.","La Gruta",5
"Güell, Joaquín M.","Revista Moderna",1
"Güell, Joaquín M.","Trofeos",1
"Güell, Luis C.","La Gruta",1
"Guérin, Charles","Trofeos",1
"Guérin, Maurice de","Trofeos",1
"Guerra Azuola, Ramón","Revista Literaria",2
"Guerrero, Rafael","La Gruta",1
"Guerrini, Olindo","Lectura Amena",1
"Gutiérrez B., Germán","La Bohemia Alegre",1
"Gutiérrez de Alba, José María","Revista Literaria",1
"Gutiérrez Robledo, Julio","La Bohemia Alegre",1
"Gutierrez, Adolfo León","Lectura Amena",1
"Gutiérrez, Francisco A.","Revista Literaria",1
"Guzmán, César Coronado","Revista Literaria",1
"Hawthorne, Nathaniel","CULTURA",1
"Hearn, Lafcadio","Alpha",3
"Henao Henao, Federico Carlos","La Bohemia Alegre",11
"Heredia Márquez, Francisco","La Gruta",1
"Heredia, Francisco de","Revista Contemporánea",1
"Heredia, José María de","Trofeos",11
"Hermant, Abel","Revista Moderna",1
"Hernández Catá, Alfonso","Alpha",1
"Herrán, Pablo Emilio","La Gruta",1
"Herrera, Benjamín","Revista Moderna",1
"Hinestroza Daza, Ricardo","Revista Contemporánea",4
"Holguín y Caro, Hernando","Revista Moderna",2
"Holguín, Jorge","Revista Literaria",1
"Holguín, Jorge","Trofeos",1
"Hoyos y Vinent, Antonio de","Revista Moderna",1
"Hoyos, Sebastián","Alpha",1
"Hugo, Victor","Revista Moderna",1
"Huysmans, Joris-Karl","Lectura Amena",1
"Ibáñez, Pedro María","Revista Literaria",3
"Ibáñez, Pedro María","Revista Moderna",3
"Icaza, Francisco A. de","Trofeos",1
"Ingenieros, José","Panida",1
"Ingenieros, José","Revista Moderna",1
"Isaacs, Jorge","Revista Literaria",3
"Isaacs, Lísimaco","Lectura Amena",1
"Isaza Botero, Teodomiro","Panida",5
"Isaza Jaramillo, Teodomiro","Panida",3
"Isaza R., Fernando","Panida",1
"Isaza, Horacio","La Gruta",3
"Jaloux, Edmond","Alpha",1
"Jammes, Francis","Panida",2
"Jaramillo Arango, Rafael","Panida",7
"Jaramillo Arango, Roberto","Lectura Amena",3
"Jaramillo Arango, Roberto","Panida",1
"Jaramillo Medina, Francisco","Alpha",5
"Jaramillo Meza, Juan Bautista","Revista Moderna",1
"Jaramillo P, Escipión","Alpha",1
"Jaramillo, Bernardo","Alpha",6
"Jaramillo, Bernardo","Lectura Amena",1
"Jaramillo, Emilio","Alpha",1
"Jaramillo, Escipión","Lectura Amena",3
"Jaramillo, Escipión","Trofeos",1
"Jaramillo, Joaquín Emilio","Lectura Amena",1
"Jarnés, Benjamín","Revista Alas",1
"Jeunesse, Ernest La","Trofeos",1
"Jiménez de la Espada, Marcos","Revista Literaria",2
"Jiménez, Juan Ramón","Panida",3
"Jiménez, Juan Ramón","Revista Contemporánea",1
"Joubert, Joseph","Trofeos",1
"Joufrez, Lila de","La Gruta",1
"Kaminsky-Halpérine, Ilya","Revista Moderna",1
"Khayyam, Omar","Panida",1
"Kipling, Rudyard","Alpha",2
"L'Heureux, Marcel","Revista Moderna",1
"Lamartine, Alphonse de","Revista Literaria",2
"Lambert, Suzanne","Revista Literaria",1
"Lapauze, Jeanne","Revista Moderna",1
"Larrazábal, Antonio","Revista Literaria",1
"Latorre Mendoza, Luis","Revista Alas",2
"Latorre, Gabriel","Alpha",2
"Laverde Amaya, Isidoro","Revista Literaria",15
"Laverde Liévano, Manuel","Revista Moderna",1
"Le Blond, M.","Revista Literaria",1
"Le Breton, Fanny","Revista Literaria",2
"Le Moyne, Arnaud Auguste Hilaire","Revista Literaria",3
"Lemaître, Jules","CULTURA",1
"Lemly, Henry Rowan","Revista Literaria",2
"León Gómez, Adolfo","La Gruta",2
"Leopardi, Giacomo","Trofeos",1
"Level, Maurice","Revista Alas",1
"Lewisohn, Ludwig","Revista Alas",1
"Liborio Echavarría, D.","Lectura Amena",1
"Lipparini, Giuseppe","Trofeos",1
"Lisle, Leconte de","Lectura Amena",2
"Lizardo, Pedro","Lectura Amena",1
"LL. RR","Alpha",1
"Lleras A., Alfredo","La Gruta",2
"Lleras Codazzi, Ricardo","Revista Moderna",1
"Llorente, Teodoro","Lectura Amena",1
"Londoño, Pedro P.","La Bohemia Alegre",4
"Londoño, Víctor Manuel","Alpha",1
"Londoño, Víctor Manuel","La Gruta",3
"Londoño, Víctor Manuel","Lectura Amena",1
"Londoño, Víctor Manuel","Revista Contemporánea",2
"Londoño, Víctor Manuel","Trofeos",17
"Longas, Horacio","Revista Alas",4
"López Alarcon, Enrique","Trofeos",1
"López de Mesa, Luis","CULTURA",12
"López Penha, Abraham Zacarías","La Bohemia Alegre",1
"López, Alejandro","Alpha",2
"López, Ismael","La Gruta",5
"López, Ismael","Revista Contemporánea",2
"López, Ismael","Revista Moderna",5
"López, Ismael","Trofeos",14
"López, Luis Carlos","Hojas de Poesía",12
"López, Samuel","La Gruta",1
"Lorenzana, Máximo","Revista Moderna",1
"Loti, Pierre","Alpha",1
"Louÿs, Pierre","Alpha",1
"Louÿs, Pierre","Trofeos",1
"Lozano y Lozano, Fabio","CULTURA",1
"Lozano y Lozano, Fabio","Revista Moderna",2
"Lozano y Lozano, Juan","Hojas de Poesía",9
"Lozano, Alberto","Lectura Amena",1
"Lugones, Leopoldo","Revista Moderna",1
"Machado, Gonzalo","Trofeos",1
"Machado, Manuel","Panida",1
"Maeterlinck, Maurice","Alpha",3
"Maizeroy, René","Revista Moderna",2
"Mallarmé, Stéphane","Panida",1
"Manrique, Juan E","Revista Contemporánea",1
"Maragall, Juan","Alpha",1
"Marín, Abel","Alpha",3
"Marín, Abel","Lectura Amena",11
"Marín, Abel","Revista Alas",1
"Márquez Bravo, Tomás","CULTURA",1
"Márquez Bravo, Tomás","Panida",1
"Márquez Bravo, Tomás","Revista Alas",1
"Marquina, Eduardo","Alpha",1
"Marquina, Eduardo","Lectura Amena",1
"Marquina, Eduardo","Panida",1
"Marroquín, José Manuel","Revista Literaria",1
"Martel, L.","La Bohemia Alegre",1
"Martínez Rivas, Federico","Trofeos",1
"Martínez Ruiz, José","Panida",3
"Martínez Ruiz, José","Revista Moderna",1
"Martínez Sierra, Gregorio","Alpha",2
"Martínez Sierra, Gregorio","Lectura Amena",2
"Martínez Sierra, Gregorio","Revista Contemporánea",2
"Martínez Silva, Carlos","Revista Literaria",1
"Martón é Izaguirre, J.","Revista Contemporánea",1
"Matos Hurtado, Belisario","Revista Moderna",1
"May, Dick","Revista Moderna",1
"Maya, Juan Antonio","La Gruta",1
"Maya, Juan Antonio","Lectura Amena",1
"Maya, Rafael","Hojas de Poesía",8
"Mayorga Rivas, Román","Revista Literaria",1
"Medina, Vicente","Alpha",4
"Medina, Vicente","Lectura Amena",1
"Mejía Ángel, Carlos","Revista Alas",2
"Mejía Ángel, Gustavo","Alpha",1
"Mejía Ángel, Gustavo","Panida",1
"Mejía Arango, Félix","Panida",14
"Mejía V., Sebastián","La Bohemia Alegre",1
"Mejía, Epifanio","La Bohemia Alegre",2
"Mejía, Epifanio","Lectura Amena",1
"Mendès, Catulle","La Gruta",1
"Mendès, Catulle","Lectura Amena",2
"Mendive y Daumy, Rafael María de","Revista Literaria",1
"Mendoza, Diego","La Gruta",1
"Mendoza, Diego","Revista Moderna",3
"Mercado, Julio","Lectura Amena",1
"Merchán, Rafael María","Revista Literaria",5
"Merino, Jesús A.","Panida",4
"Merino, Laureano","Panida",2
"Merizalde Uribe, Antonio","Alpha",2
"Merizalde Uribe, Antonio","Lectura Amena",5
"Merizalde Uribe, Antonio","Panida",2
"Mesa Jaramillo, José María","Alpha",1
"Mesa Nicholls, Alejandro","CULTURA",3
"Michaud-D'Hamiae, L.","Lectura Amena",1
"Mikhaël, Efraín","Revista Contemporánea",1
"Miró, Gabriel","Panida",1
"Mockel, Albert","Trofeos",1
"Molina Garcés, Ciro","CULTURA",6
"Molina, Pedro Antonio","Revista Moderna",1
"Monsalve, José Dolores","Revista Moderna",2
"Monte, D. L.","Lectura Amena",1
"Montes Del Valle, Agripina","La Gruta",2
"Montoya Kennedy, F. A.","La Bohemia Alegre",2
"Montoya Pérez, E.","Lectura Amena",1
"Montoya Pérez, Rafael","Alpha",2
"Montoya Pérez, Rafael","Lectura Amena",5
"Montoya, Antonio José","Alpha",4
"Montoya, Antonio José","La Bohemia Alegre",8
"Montoya, Antonio José","Lectura Amena",6
"Montoya, Antonio José","Panida",1
"Monvel, María","Revista Alas",3
"Mora Vásquez, José Manuel","Panida",2
"Mora, Félix","Revista Literaria",1
"Mora, Luis María","La Gruta",1
"Morales Berti, Luis","Revista Moderna",1
"Morand, Paul","Revista Alas",1
"Moréas, Jean","Trofeos",1
"Moreau, Auguste","Revista Moderna",1
"Moreno Alba, Miguel","Alpha",1
"Moreno Alba, Miguel","Lectura Amena",1
"Moreno, Abraham","Panida",1
"Morice, Charles","La Gruta",1
"Munro, Alick","La Gruta",1
"Murena, Claudio","Trofeos",1
"Murger, Henry","La Bohemia Alegre",1
"Naranjo Martínez, Enrique","Trofeos",4
"Narváez, Antonio de","Revista Moderna",2
"Narváez, Roberto","Revista Moderna",4
"Navarro, M.Donato","Lectura Amena",1
"Navas Spínola, Domingo","Alpha",1
"Negueri, D.","Lectura Amena",3
"Nervo, Amado","Lectura Amena",9
"Nervo, Amado","Trofeos",1
"Nieto Caballero, Agustín","CULTURA",10
"Nieto Caballero, Luis Eduardo","CULTURA",1
"Nieto, Ricardo","Alpha",2
"Nieto, Ricardo","Lectura Amena",5
"Nieto, Ricardo","Trofeos",1
"Novicow,F","Alpha",1
"Núñez, Rafael","Revista Literaria",2
"O'Kelly, James J.","Revista Literaria",1
"Obando Cardona, Jorge","Revista Alas",15
"Olano, Ricardo","Alpha",1
"Olano, Ricardo","Lectura Amena",1
"Olaya Herrera, Enrique","Revista Moderna",1
"Olaya Herrera, Enrique","Trofeos",1
"Orbigny, Alcide Charles Victor Marie Dessalines de","Revista Literaria",1
"Ortega, Alfredo","CULTURA",1
"Ortega, Alfredo","Revista Contemporánea",3
"Ortiz V, Manuel","Revista Moderna",1
"Ortiz, José Joaquín","Revista Literaria",2
"Ortiz, Venancio","Revista Literaria",2
"Osorio, Miguel Ángel","Hojas de Poesía",6
"Osorio, Miguel Ángel","Revista Alas",1
"Ospina de Navarro, Sofía","Revista Alas",1
"Ospina Vásquez, Mariano","Alpha",8
"Ospina Vásquez, Mariano","La Gruta",1
"Ospina Vásquez, Mariano","Lectura Amena",1
"Ospina Vásquez, Tulio","Alpha",1
"Ospina, Pedro Nel","La Bohemia Alegre",1
"Ouvré, Henry","Trofeos",1
"P.A.","La Gruta",1
"Páez M., Julián","Revista Literaria",1
"Paiba, Balbino","Revista Alas",3
"Paillié, Francisco A.","La Gruta",1
"Paillié, Francisco A.","Revista Contemporánea",1
"Paillié, Francisco A.","Trofeos",2
"Palacio M, Obdulio","Alpha",2
"Palacio Uribe, Tomás","Lectura Amena",1
"Palacio, Eduardo A.","Panida",1
"Palacio, Manuel del","Revista Literaria",2
"Paláu R, Antonio M.","Alpha",1
"Paláu, Alfonso","CULTURA",6
"Palma, Clemente","Lectura Amena",3
"Papini, Giovanni","Panida",1
"Pardo Farelo, Enrique","Alpha",3
"Pardo Farelo, Enrique","CULTURA",2
"Pardo Farelo, Enrique","Revista Alas",1
"Pardo Farelo, Enrique","Revista Moderna",1
"Pardo Farelo, Enrique","Trofeos",2
"Pardo García, Germán","Hojas de Poesía",8
"París, Luis","Lectura Amena",1
"Parma, Juan de","La Gruta",1
"Parra Toro, Libardo","Panida",5
"Pastor Ríos, Justo","Lectura Amena",1
"Peláez, Aurelio","Alpha",1
"Peña, Pedro A.","Trofeos",1
"Pereira Gamba, Fortunato","Revista Contemporánea",1
"Pereira Gamba, Fortunato","Revista Moderna",1
"Pereira Gamba, Próspero","Revista Literaria",6
"Pérez Arbeláez, Enrique","CULTURA",1
"Pérez Monsalva, Santiago","Revista Contemporánea",2
"Pérez Nieva, Alfonso","Revista Literaria",1
"Pérez Triana, Santiago","Alpha",2
"Pérez Triana, Santiago","Revista Contemporánea",2
"Pérez Triana, Santiago","Revista Moderna",2
"Pérez Zúñiga, Juan","Lectura Amena",1
"Pérez, A. J.","Revista Moderna",1
"Pérez, Felipe","Revista Literaria",1
"Perrier, Joseph-Luis","Revista Moderna",1
"Pichardo, S. Manuel","Alpha",1
"Pinto, Eliseo","La Gruta",1
"Pizano, Marco A.","Revista Literaria",1
"Pizarro, Alejandro","Revista Literaria",2
"Poe, Edgar Allan","Alpha",1
"Poe, Edgar Allan","Lectura Amena",1
"Poe, Edgar Allan","Panida",1
"Pombo, Rafael","La Gruta",1
"Pombo, Rafael","Lectura Amena",3
"Pombo, Rafael","Revista Literaria",3
"Porras, José Ángel","Revista Literaria",1
"Posada Arango, Andrés","Alpha",2
"Posada Hernández, Antonio","La Bohemia Alegre",3
"Posada, Adolfo","CULTURA",1
"Posada, Daniel","Panida",4
"Posada, Eduardo","Revista Contemporánea",4
"Posada, Eduardo","Revista Literaria",2
"Posada, Eduardo","Revista Moderna",1
"Posada, Eduardo","Trofeos",2
"Posada, Guillermo","La Gruta",1
"Posada, Guillermo","Lectura Amena",1
"Posada, Guillermo","Trofeos",4
"Posada, José","Revista Alas",1
"Prudhomme, Sully","Revista Contemporánea",1
"Prudhomme, Sully","Revista Literaria",2
"Prudhomme, Sully","Revista Moderna",1
"Prudhomme, Sully","Trofeos",4
"Puga de Losada, Amalia","Revista Literaria",1
"Pujol y Martínez, Juan","Revista Moderna",1
"Quevedo Álvarez, Tomás","La Bohemia Alegre",5
"Quijano, Arturo","La Gruta",4
"Quijano, Arturo","Revista Moderna",1
"R.S.M","Trofeos",1
"Rabot, Charles","Revista Moderna",1
"Rachilde","Alpha",1
"Ramírez, Clodomiro","Alpha",1
"Ramos Ruiz, Gonzalo","Revista Literaria",1
"Ramos Urdaneta, Alfredo","Revista Moderna",6
"Ramos, José Luis","Alpha",1
"Rasch Isla, Miguel","Revista Moderna",1
"Reina, Manuel","Trofeos",1
"Remouchamps, Victor","Panida",1
"Rémy, François","La Gruta",4
"Rendón, Francisco de Paula","Alpha",2
"Rendón, Ricardo","Panida",9
"Restrepo Arango, Lisandro","La Bohemia Alegre",1
"Restrepo Briceño, Fernando","Alpha",1
"Restrepo Euse, Álvaro","Alpha",3
"Restrepo Gómez, Francisco","La Gruta",1
"Restrepo Gómez, Francisco","Revista Moderna",2
"Restrepo Jaramillo, José","Revista Alas",1
"Restrepo Jaramillo, José Luis","Panida",1
"Restrepo Maya, José María","Revista Literaria",3
"Restrepo Olarte, Jesús","Panida",5
"Restrepo Restrepo, Antonio María","Alpha",4
"Restrepo Restrepo, Antonio María","La Bohemia Alegre",6
"Restrepo Restrepo, Antonio María","Lectura Amena",18
"Restrepo Restrepo, Antonio María","Panida",2
"Restrepo Restrepo, Carlos Eugenio","Alpha",4
"Restrepo Restrepo, Carlos Eugenio","La Bohemia Alegre",1
"Restrepo Rivera, José","Alpha",2
"Restrepo Rivera, José","Panida",3
"Restrepo Sáenz, José María","Revista Moderna",1
"Restrepo Tirado, Ernesto","Revista Literaria",14
"Restrepo Tirado, Ernesto","Revista Moderna",4
"Restrepo Trujillo, Antonio José","Alpha",4
"Restrepo Trujillo, Antonio José","Lectura Amena",1
"Restrepo, José Manuel","Revista Literaria",9
"Restrepo, José Manuel","Revista Moderna",1
"Restrepo, Santiago","Revista Alas",1
"Restrepo, Saturnino","Alpha",33
"Restrepo, Saturnino","La Bohemia Alegre",9
"Restrepo, Saturnino","Lectura Amena",2
"Restrepo, Saturnino","Revista Contemporánea",1
"Restrepo, Saturnino","Trofeos",1
"Restrepo, Vicente","Revista Literaria",10
"Revoux, Paul","Revista Alas",1
"Riche, Iván","Lectura Amena",1
"Rilke, Rainer María","Revista Alas",1
"Rios De Lamperez, Blanca de los","Lectura Amena",1
"Rivas Frade, Fedérico","La Gruta",19
"Rivas Groot, Evaristo","Revista Moderna",1
"Rivas Groot, José María","Revista Literaria",1
"Rivas Groot, José María","Revista Moderna",1
"Rivas, Medardo","Revista Literaria",2
"Rivas, Raimundo","CULTURA",9
"Rivera y Garrido, Luciano","Revista Literaria",4
"Robledo, Alfonso","Lectura Amena",1
"Robledo, Eusebio","Alpha",1
"Robledo, Eusebio","Lectura Amena",4
"Robledo, Eusebio","Revista Moderna",1
"Robledo, Jorge Samuel","Lectura Amena",2
"Rochefort, Henri","Lectura Amena",1
"Rodó, José Enrique","Panida",1
"Rodó, José Enrique","Revista Moderna",1
"Rodó, José Enrique","Trofeos",1
"Rodríguez-Rendueles, M.","Panida",1
"Rodríguez E., Carlos E.","Panida",4
"Rodriguez Moya, Francisco","Alpha",1
"Rodriguez Moya, Francisco","Lectura Amena",4
"Rojas, Jorge","Hojas de Poesía",5
"Rojas, Julio A","Revista Contemporánea",1
"Rollinar, Maurice","Alpha",1
"Rosales, Carlos N","Revista Moderna",1
"Roure, José de","Lectura Amena",1
"Roux, Hugo Le","Revista Moderna",1
"Rozo Martínez, Darío","La Gruta",1
"RR.LL","Alpha",1
"Rubió y Ors, Joaquín","Revista Literaria",1
"Rueda Vargas, Tomás","CULTURA",3
"Ruíz, Dael","Revista Moderna",12
"Rusiñol, Santiago","Lectura Amena",1
"Rusiñol, Santiago","Panida",1
"Saavedra Galindo, José Manuel","La Gruta",1
"Saavedra Molina, Julio","Revista Moderna",1
"Saavedra Zárate, C.","La Gruta",1
"Sacher-Masoch, Leopold von","Revista Literaria",1
"Saco, Eduardo","Revista Literaria",1
"Saco, José Antonio","Revista Moderna",1
"Saint-Victor, Paul de","Revista Moderna",1
"Saíz, José María","Revista Moderna",1
"Salamanca, T. D.","Revista Moderna",1
"Salduba","Lectura Amena",1
"Samper, Darío","Hojas de Poesía",10
"Samper, Emilio","Revista Contemporánea",2
"Samper, Miguel","Revista Moderna",1
"Sánchez, Alberto","Alpha",4
"Sánchez, Alberto","CULTURA",2
"Sánchez, Alberto","La Gruta",5
"Sánchez, Alberto","Revista Contemporánea",4
"Sánchez, Alberto","Revista Moderna",1
"Sánchez, Alberto","Trofeos",4
"Sandino, Adeoldato","Panida",2
"Sandino, Aleodato","Panida",1
"Sanguily, Manuel","Trofeos",1
"Sanín Cano, Baldomero","Alpha",1
"Sanín Cano, Baldomero","La Gruta",2
"Sanín Cano, Baldomero","Revista Contemporánea",20
"Sanín Cano, Baldomero","Revista Literaria",3
"Sanín Cano, Baldomero","Trofeos",5
"Santa María Vermersch, R.","Trofeos",3
"Santos, Gustavo","CULTURA",2
"Savage, R.H.","Revista Moderna",6
"Scarpeta, Oswaldo","La Gruta",1
"Schafi, Mirza","Revista Contemporánea",1
"Schiller, Friedrich","Alpha",1
"Schopenhauer, Arthur","Panida",1
"Schwob, L.","Revista Moderna",1
"Schwob, Marcel","Revista Contemporánea",8
"Scribe, Eugène","Revista Literaria",1
"Segovia, L","Revista Moderna",1
"Serao, Matilde","Revista Moderna",2
"Sevilla, Rafael","Revista Moderna",1
"Sienkiewicz, Henryk","Lectura Amena",1
"Sierra, Justo","Lectura Amena",1
"Silva Cruz, Carlos","Revista Moderna",1
"Silva Vidal, Ismael","Revista Moderna",1
"Silva, José Asunción","Hojas de Poesía",7
"Silva, José Asunción","Lectura Amena",11
"Silva, José Asunción","Panida",1
"Silva, José Asunción","Revista Literaria",1
"Silva, José Asunción","Revista Moderna",1
"Silvestre, Armand","Panida",1
"Solano Patiño, José","Alpha",1
"Solano Patiño, José","Lectura Amena",2
"Soto Borda, Clímaco","Alpha",2
"Soto Borda, Clímaco","La Gruta",2
"Soto Borda, Clímaco","Lectura Amena",3
"Soto Borda, Clímaco","Revista Moderna",1
"Soto, Aquilino","Alpha",1
"Suarès, André","Panida",1
"Suárez, Roberto","Revista Literaria",1
"Tablada, José Juan","Lectura Amena",2
"Taboada, Luis","Revista Literaria",2
"Talero Núñez, Eduardo","Lectura Amena",1
"Talleyrand, Charles Maurice de","Revista Literaria",1
"Tamayo, Carlos","La Gruta",1
"Taunay, Vizconde de","Lectura Amena",1
"Tejada Cano, Luis","Revista Alas",5
"Tejada Córdoba, Blas","Lectura Amena",10
"Tejera, Felipe","Revista Literaria",1
"Terán, Luis María","La Gruta",1
"Tirado Macías, Ricardo","Revista Contemporánea",1
"Tobar, Alfonso","Revista Literaria",1
"Tobon Tobon, Lazaro","Panida",1
"Toché, Raoul","Revista Literaria",1
"Tolstói, Lev Nikoláievich","Lectura Amena",1
"Toro Isaza, J.","Panida",3
"Torres Durán, Carlos","Revista Alas",3
"Torres Pinzón, Carlos Arturo","CULTURA",1
"Torres, Carlos Arturo","La Gruta",1
"Torres, Carlos Arturo","Trofeos",2
"Toudouze, Georges-Gustave","Revista Contemporánea",1
"Trespalacios, Jesús María","La Bohemia Alegre",1
"Triana, Miguel","Alpha",2
"Turgenev, Ivan","Panida",1
"Ugarte, Manuel","Lectura Amena",2
"Umaña Bernal, José","Hojas de Poesía",16
"Unamuno, Miguel de","Alpha",1
"Unamuno, Miguel de","Lectura Amena",1
"Unamuno, Miguel de","Revista Alas",1
"Urdaneta Ramos, Alfredo","Revista Moderna",1
"Uribe Ángel, Manuel","Alpha",1
"Uribe Ángel, Manuel","Revista Literaria",7
"Uribe Ángel, Manuel","Revista Moderna",1
"Uribe Gómez, Pedro","Alpha",4
"Uribe Holguin, Guillermo","Revista Contemporánea",1
"Uribe Holguin, Guillermo","Trofeos",1
"Uribe Lince, Gabriel","Panida",4
"Uribe Mejía, F. A.","Lectura Amena",1
"Uribe, Antonio José","Panida",4
"Uribe, Basiliso","Alpha",1
"Uribe, Diego","Alpha",1
"Uribe, Diego","La Gruta",2
"Uribe, Diego","Revista Contemporánea",1
"Uribe, Diego","Revista Literaria",1
"Uribe, Diego","Revista Moderna",1
"Uribe, Diego","Trofeos",4
"Uribe, Joaquín Antonio","Alpha",2
"Uribe, Joaquín Antonio","Revista Alas",2
"Urrecha, Federico","Lectura Amena",1
"Urrutia, Francisco José","CULTURA",1
"Urrutia, Francisco José","Revista Moderna",2
"V.O","Trofeos",1
"Valcarce García, Javier","Alpha",1
"Valencia, Francisco","La Gruta",7
"Valencia, Francisco","Lectura Amena",3
"Valencia, Francisco","Revista Contemporánea",6
"Valencia, Francisco","Trofeos",4
"Valencia, Guillermo","Hojas de Poesía",10
"Valencia, Guillermo","Lectura Amena",3
"Valencia, Guillermo","Panida",1
"Valencia, Guillermo","Revista Contemporánea",1
"Valencia, Guillermo","Trofeos",2
"Valencia, Miguel Santiago","CULTURA",3
"Valenzuela, Eduardo","Revista Moderna",1
"Valenzuela, Teodoro","Revista Literaria",1
"Valle-Inclán, Ramón del","Lectura Amena",2
"Valle-Inclán, Ramón del","Panida",1
"Vallés, L","Alpha",1
"Vargas Tamayo, Roberto","La Gruta",3
"Vargas Vila, José María","Lectura Amena",1
"Vargas Vila, José María","Panida",1
"Vargas, Justo","Alpha",1
"Varigny, Charles Victor Crosnier","Revista Literaria",1
"Vasco Gutiérrez, Eduardo","Panida",7
"Vásquez, Honorato","Revista Literaria",1
"Vásquez, Juan de Dios","La Bohemia Alegre",1
"Vázquez B., A.","Lectura Amena",1
"Vega, Alejandro","La Gruta",6
"Vega, Daniel de la","Revista Alas",1
"Velásquez Botero, Samuel","Trofeos",1
"Velásquez García, José","Alpha",5
"Velásquez García, José","La Bohemia Alegre",9
"Velásquez García, José","Lectura Amena",9
"Velásquez, Edmundo","Alpha",3
"Velásquez, Edmundo","Trofeos",1
"Velázquez, Alejandro","Lectura Amena",1
"Vélez Barrientos, Lucrecio","Alpha",12
"Vélez Barrientos, Lucrecio","La Bohemia Alegre",1
"Vélez, Bonifacio","Alpha",1
"Vélez, Eladio","Revista Alas",1
"Vélez, Guillermo","Panida",2
"Vélez, Salvador","Lectura Amena",3
"Vélez, Victoriano","Alpha",3
"Vélez, Victorino","Lectura Amena",2
"Verbrugghe, Georges","Revista Literaria",2
"Verbrugghe, Louis Émile","Revista Literaria",2
"Vergara y Vergara, José María","Revista Moderna",1
"Verhaeren, Émile","Revista Moderna",1
"Vidal Pacheco, Gonzalo","La Bohemia Alegre",1
"Vieco Ortíz, Luis Eduardo","Revista Alas",2
"Villa Carrasquilla, Jorge","Panida",6
"Villa López, Francisco","Panida",3
"Villa Vélez, Eduardo","Revista Literaria",1
"Villa, Eduardo","Revista Literaria",1
"Villaespesa, Francisco","Panida",2
"Villafañe, Carlos","La Gruta",6
"Villafañe, Carlos","Trofeos",3
"Villegas Arango, Alfonso","Lectura Amena",1
"Villegas, Aquilino","Alpha",2
"Villegas, Aquilino","Lectura Amena",3
"Villegas, Aquilino","Panida",1
"Villegas, Luis Eduardo","Alpha",3
"Villegas, Luis Eduardo","Lectura Amena",1
"Villegas, Luis Eduardo","Revista Contemporánea",1
"Villegas, Marco A.","La Gruta",1
"Villiers de L'Isle-Adam, Auguste de","Alpha",2
"Villiers de L'Isle-Adam, Auguste de","Revista Alas",1
"Visan, Tancrède de","Panida",1
"Vives, Luis","Alpha",4
"Vives, Luis","Lectura Amena",1
"Wilde, Oscar","Alpha",1
"Wilde, Oscar","Panida",2
"Wilde, Oscar","Trofeos",3
"Wyzewa, Teodor de","Lectura Amena",1
"Xanrof, León","Trofeos",1
"Yepes Morales, Jesús","Revista Alas",1
"Yver, Colette","Revista Moderna",1
"Z y Z.","Lectura Amena",1
"Zaavedra Zárate, G.","La Gruta",1
"Zamacois, Eduardo","Revista Moderna",1
"Zapata, Felipe","Revista Moderna",1
"Zolá, Emile","Lectura Amena",1
"Zuleta Gaviria, Eduardo","Revista Literaria",1
"Zuleta, Juan A.","Revista Literaria",2
"Zuluaga y Gutiérrez, Alfredo","Revista Alas",3
