Nombre de la revista,Número de la contribución,Autor de la contribución,Roles,Seudónimo / Abreviatura del nombre,País de origen,Título de la contribución,Número del fascículo,Fecha de publicación [aaaa-mm-dd],Traducción,Traductor,Lengua en la que aparece en la revista,Lengua original [si es traducción],Tipo de contribución [Género según investigador],Tipo de contribución según la revista,Dedicatoria,Obras reseñadas [solo se indica para el caso de las reseñas],Cantidad de páginas,Paginación,Comentarios
Hojas de Poesía,1,Anónimo,Redactor,NA,NA,Porfirio Barba Jacob,1,Febrero de 1942,No,NA,Español,NA,Poesía,NA,NA,NA,1,NA,NA
Hojas de Poesía,2,"Osorio, Miguel Ángel",Creador,"Barba Jacob, Profirio",Colombia,Estancias,1,Febrero de 1942,No,NA,Español,NA,Poesía,Canciones,NA,NA,0.5,NA,NA
Hojas de Poesía,3,"Osorio, Miguel Ángel",Creador,"Barba Jacob, Profirio",Colombia,Plenitud,1,Febrero de 1942,No,NA,Español,NA,Poesía,Canciones,NA,NA,0.5,NA,NA
Hojas de Poesía,4,"Osorio, Miguel Ángel",Creador,"Barba Jacob, Profirio",Colombia,Canción de la vida profunda,1,Febrero de 1942,No,NA,Español,NA,Poesía,Canciones,NA,NA,1,NA,Tiene un epígrafe de Montaigne
Hojas de Poesía,5,"Osorio, Miguel Ángel",Creador,"Barba Jacob, Profirio",Colombia,Nueva canción de la vida profunda,1,Febrero de 1942,No,NA,Español,NA,Poesía,Canciones,NA,NA,1,NA,NA
Hojas de Poesía,6,"Osorio, Miguel Ángel",Creador,"Barba Jacob, Profirio",Colombia,Lamentación de octubre,1,Febrero de 1942,No,NA,Español,NA,Poesía,Canciones,NA,NA,1,NA,NA
Hojas de Poesía,7,"Osorio, Miguel Ángel",Creador,"Barba Jacob, Profirio",Colombia,Futuro,1,Febrero de 1942,No,NA,Español,NA,Poesía,Canciones,NA,NA,1,NA,NA
Hojas de Poesía,8,Anónimo,Redactor,NA,NA,Guillermo Valencia,2,Marzo 15 1942,No,NA,Español,NA,Prosa Ficción,NA,NA,NA,1,NA,Al final de la página tiene la bibliografía
Hojas de Poesía,9,"Valencia, Guillermo",Creador,El Maestro,Colombia,Las dos cabezas. Judith y Holofernes. (Tesis),2,Marzo 15 1942,No,NA,Español,NA,Poesía,Sonetos,NA,NA,1,NA,Tiene un epígrafe de El Eclesiástico
Hojas de Poesía,10,"Valencia, Guillermo",Creador,El Maestro,Colombia,Las dos cabezas. Salome y Hoakanann. (Antítesis),2,Marzo 15 1942,No,NA,Español,NA,Poesía,Sonetos,NA,NA,1,NA,NA
Hojas de Poesía,11,"Valencia, Guillermo",Creador,El Maestro,Colombia,La palabra de Dios. (Síntesis),2,Marzo 15 1942,No,NA,Español,NA,Poesía,Sonetos,NA,NA,0.5,NA,NA
Hojas de Poesía,12,"Valencia, Guillermo",Creador,El Maestro,Colombia,La Esfinge,2,Marzo 15 1942,No,NA,Español,NA,Poesía,Sonetos,M.G.,NA,0.5,NA,NA
Hojas de Poesía,13,"Valencia, Guillermo",Creador,El Maestro,Colombia,A un amigo muerto,2,Marzo 15 1942,No,NA,Español,NA,Poesía,Sonetos,NA,NA,0.5,NA,NA
Hojas de Poesía,14,"Valencia, Guillermo",Creador,El Maestro,Colombia,Turris Eburnea,2,Marzo 15 1942,No,NA,Español,NA,Poesía,Sonetos,NA,NA,0.5,NA,NA
Hojas de Poesía,15,"Valencia, Guillermo",Creador,El Maestro,Colombia,A Erasmo de Rotterdam,2,Marzo 15 1942,No,NA,Español,NA,Poesía,Sonetos,NA,NA,0.5,NA,NA
Hojas de Poesía,16,"Valencia, Guillermo",Creador,El Maestro,Colombia,Pigmalion,2,Marzo 15 1942,No,NA,Español,NA,Poesía,Sonetos,NA,NA,0.5,NA,NA
Hojas de Poesía,17,"Valencia, Guillermo",Creador,El Maestro,Colombia,Moises. I. La estatua,2,Marzo 15 1942,No,NA,Español,NA,Poesía,Sonetos,NA,NA,0.5,NA,NA
Hojas de Poesía,18,"Valencia, Guillermo",Creador,El Maestro,Colombia,Moises. II. El símbolo,2,Marzo 15 1942,No,NA,Español,NA,Poesía,Sonetos,NA,NA,0.5,NA,NA
Hojas de Poesía,19,Anónimo,Redactor,NA,NA,Luis Carlos López,3,Marzo 30 1942,No,NA,Español,NA,Prosa No ficción,NA,NA,NA,1,NA,Al final de la página tiene la bibliografía
Hojas de Poesía,20,"López, Luis Carlos",Creador,NA,Colombia,El barbero,3,Marzo 30 1942,No,NA,Español,NA,Poesía,NA,NA,NA,0.5,NA,De Hongos de La Riba
Hojas de Poesía,21,"López, Luis Carlos",Creador,NA,Colombia,El alcalde,3,Marzo 30 1942,No,NA,Español,NA,Poesía,NA,NA,NA,0.5,NA,De Hongos de La Riba
Hojas de Poesía,22,"López, Luis Carlos",Creador,NA,Colombia,El trashumante Mateo,3,Marzo 30 1942,No,NA,Español,NA,Poesía,NA,NA,NA,0.5,NA,De Hongos de La Riba
Hojas de Poesía,23,"López, Luis Carlos",Creador,NA,Colombia,Conductor de almas,3,Marzo 30 1942,No,NA,Español,NA,Poesía,NA,NA,NA,0.5,NA,De Hongos de La Riba. Tiene un epígrafe de Guillermo Valencia
Hojas de Poesía,24,"López, Luis Carlos",Creador,NA,Colombia,Versos rurales,3,Marzo 30 1942,No,NA,Español,NA,Poesía,NA,NA,NA,0.5,NA,De Hongos de La Riba
Hojas de Poesía,25,"López, Luis Carlos",Creador,NA,Colombia,El zagalon de Pepe,3,Marzo 30 1942,No,NA,Español,NA,Poesía,NA,NA,NA,0.5,NA,De Hongos de La Riba
Hojas de Poesía,26,"López, Luis Carlos",Creador,NA,Colombia,Una viñeta,3,Marzo 30 1942,No,NA,Español,NA,Poesía,NA,NA,NA,0.5,NA,De Hongos de La Riba
Hojas de Poesía,27,"López, Luis Carlos",Creador,NA,Colombia,Medio ambiente,3,Marzo 30 1942,No,NA,Español,NA,Poesía,NA,NA,NA,0.5,NA,De Hongos de La Riba. Tiene un epígrafe de Swift
Hojas de Poesía,28,"López, Luis Carlos",Creador,NA,Colombia,Noche truculenta,3,Marzo 30 1942,No,NA,Español,NA,Poesía,NA,NA,NA,0.5,NA,De Hongos de La Riba
Hojas de Poesía,29,"López, Luis Carlos",Creador,NA,Colombia,Cuarto de hora,3,Marzo 30 1942,No,NA,Español,NA,Poesía,NA,NA,NA,0.5,NA,De Hongos de La Riba
Hojas de Poesía,30,"López, Luis Carlos",Creador,NA,Colombia,Tarde de verano,3,Marzo 30 1942,No,NA,Español,NA,Poesía,NA,NA,NA,0.5,NA,De Hongos de La Riba. Tiene un epígrafe de S. Juan Crisóstomo
Hojas de Poesía,31,"López, Luis Carlos",Creador,NA,Colombia,Toque de oración,3,Marzo 30 1942,No,NA,Español,NA,Poesía,NA,NA,NA,0.5,NA,De Hongos de La Riba
Hojas de Poesía,32,Anónimo,Redactor,NA,NA,Leopoldo de la Rosa,4,Abril 15 1942,No,NA,Español,NA,Prosa No ficción,NA,NA,NA,1,NA,NA
Hojas de Poesía,33,"De la Rosa, Leopoldo",Creador,NA,Colombia,Canción del mar,4,Abril 15 1942,No,NA,Español,NA,Poesía,Poema,NA,NA,1,NA,NA
Hojas de Poesía,34,"De la Rosa, Leopoldo",Creador,NA,Colombia,Mujer blanca,4,Abril 15 1942,No,NA,Español,NA,Poesía,Poema,NA,NA,1,NA,Epígrafe de Virgilio
Hojas de Poesía,35,"De la Rosa, Leopoldo",Creador,NA,Colombia,Mujer morena,4,Abril 15 1942,No,NA,Español,NA,Poesía,Poema,NA,NA,1,NA,Epígrafe en Latín
Hojas de Poesía,36,"De la Rosa, Leopoldo",Creador,NA,Colombia,Nocturno quinto,4,Abril 15 1942,No,NA,Español,NA,Poesía,Poema,"Reyes, Alfonso",NA,1,NA,Epígrafe de Tibulo
Hojas de Poesía,37,"De la Rosa, Leopoldo",Creador,NA,Colombia,Nocturno XXI,4,Abril 15 1942,No,NA,Español,NA,Poesía,Poema,"Rasch Isla, Miguel ",NA,1,NA,NA
Hojas de Poesía,38,"De la Rosa, Leopoldo",Creador,NA,Colombia,El poeta,4,Abril 15 1942,No,NA,Español,NA,Poesía,Poema,NA,NA,0.5,NA,NA
Hojas de Poesía,39,"De la Rosa, Leopoldo",Creador,NA,Colombia,Canción de una voz,4,Abril 15 1942,No,NA,Español,NA,Poesía,Poema,NA,NA,0.5,NA,NA
Hojas de Poesía,40,Anónimo,Redactor,NA,NA,Jorge Rojas,5,Abril 30 1942,No,NA,Español,NA,Prosa No ficción,NA,NA,NA,1,NA,Al final de la página tiene la bibliografía
Hojas de Poesía,41,"Rojas, Jorge",Creador,NA,Colombia,Niña,5,Abril 30 1942,No,NA,Español,NA,Poesía,Poema,NA,NA,0.5,NA,Epígrafe de Jorge Guillen
Hojas de Poesía,42,"Rojas, Jorge",Creador,NA,Colombia,Momento de la doncella. (El sueño),5,Abril 30 1942,No,NA,Español,NA,Poesía,Poema,NA,NA,0.5,NA,NA
Hojas de Poesía,43,"Rojas, Jorge",Creador,NA,Colombia,La muerte del agua,5,Abril 30 1942,No,NA,Español,NA,Poesía,Poema,NA,NA,0.5,NA,NA
Hojas de Poesía,44,"Rojas, Jorge",Creador,NA,Colombia,Elegia,5,Abril 30 1942,No,NA,Español,NA,Poesía,Poema,NA,NA,0.5,NA,NA
Hojas de Poesía,45,"Rojas, Jorge",Creador,NA,Colombia,La ciudad sumergida,5,Abril 30 1942,No,NA,Español,NA,Poesía,Poema,NA,NA,4,NA,Epígrafe de Renan (está en francés)
Hojas de Poesía,46,Anónimo,Creador,NA,NA,León de Greiff,67,Mayo 30 1942,No,NA,Español,NA,Prosa No ficción,NA,NA,NA,1,NA,Al final de la página tiene la bibliografía
Hojas de Poesía,47,"Gil, Rivero",Ilustrador,NA,Colombia,NA,67,Mayo 30 1942,No,NA,NA,NA,Imagen,Ilustración,NA,NA,0.1,NA,NA
Hojas de Poesía,48,"Gil, Rivero",Ilustrador,NA,Colombia,NA,67,Mayo 30 1942,No,NA,NA,NA,Imagen,Ilustración,NA,NA,0.1,NA,NA
Hojas de Poesía,49,"Gil, Rivero",Ilustrador,NA,Colombia,NA,67,Mayo 30 1942,No,NA,NA,NA,Imagen,Ilustración,NA,NA,0.1,NA,NA
Hojas de Poesía,50,"Gil, Rivero",Ilustrador,NA,Colombia,NA,67,Mayo 30 1942,No,NA,NA,NA,Imagen,Ilustración,NA,NA,0.1,NA,NA
Hojas de Poesía,51,"Gil, Rivero",Ilustrador,NA,Colombia,NA,67,Mayo 30 1942,No,NA,NA,NA,Imagen,Ilustración,NA,NA,0.1,NA,NA
Hojas de Poesía,52,"Gil, Rivero",Ilustrador,NA,Colombia,NA,67,Mayo 30 1942,No,NA,NA,NA,Imagen,Ilustración,NA,NA,0.1,NA,NA
Hojas de Poesía,53,"Gil, Rivero",Ilustrador,NA,Colombia,NA,67,Mayo 30 1942,No,NA,NA,NA,Imagen,Ilustración,NA,NA,0.1,NA,NA
Hojas de Poesía,54,"Gil, Rivero",Ilustrador,NA,Colombia,NA,67,Mayo 30 1942,No,NA,NA,NA,Imagen,Ilustración,NA,NA,0.1,NA,NA
Hojas de Poesía,55,"Gil, Rivero",Ilustrador,NA,Colombia,NA,67,Mayo 30 1942,No,NA,NA,NA,Imagen,Ilustración,NA,NA,0.1,NA,NA
Hojas de Poesía,56,"Gil, Rivero",Ilustrador,NA,Colombia,NA,67,Mayo 30 1942,No,NA,NA,NA,Imagen,Ilustración,NA,NA,0.1,NA,NA
Hojas de Poesía,57,"Gil, Rivero",Ilustrador,NA,Colombia,NA,67,Mayo 30 1942,No,NA,NA,NA,Imagen,Ilustración,NA,NA,0.1,NA,NA
Hojas de Poesía,58,"Gil, Rivero",Ilustrador,NA,Colombia,NA,67,Mayo 30 1942,No,NA,NA,NA,Imagen,Ilustración,NA,NA,0.1,NA,NA
Hojas de Poesía,59,"Gil, Rivero",Ilustrador,NA,Colombia,NA,67,Mayo 30 1942,No,NA,NA,NA,Imagen,Ilustración,NA,NA,0.1,NA,NA
Hojas de Poesía,60,"Gil, Rivero",Ilustrador,NA,Colombia,NA,67,Mayo 30 1942,No,NA,NA,NA,Imagen,Ilustración,NA,NA,0.1,NA,NA
Hojas de Poesía,61,"Gil, Rivero",Ilustrador,NA,Colombia,NA,67,Mayo 30 1942,No,NA,NA,NA,Imagen,Ilustración,NA,NA,0.1,NA,NA
Hojas de Poesía,62,"Gil, Rivero",Ilustrador,NA,Colombia,N,67,Mayo 30 1942,No,NA,NA,NA,Imagen,Ilustración,NA,NA,0.1,NA,NA
Hojas de Poesía,63,"Gil, Rivero",Ilustrador,NA,Colombia,NA,67,Mayo 30 1942,No,NA,NA,NA,Imagen,Ilustración,NA,NA,0.1,NA,NA
Hojas de Poesía,64,"Gil, Rivero",Ilustrador,NA,Colombia,NA,67,Mayo 30 1942,No,NA,NA,NA,Imagen,Ilustración,NA,NA,0.1,NA,NA
Hojas de Poesía,65,"Gil, Rivero",Ilustrador,NA,Colombia,NA,67,Mayo 30 1942,No,NA,NA,NA,Imagen,Ilustración,NA,NA,0.1,NA,NA
Hojas de Poesía,66,"Gil, Rivero",Ilustrador,NA,Colombia,NA,67,Mayo 30 1942,No,NA,NA,NA,Imagen,Ilustración,NA,NA,0.3,NA,NA
Hojas de Poesía,67,"De Greiff, León",Creador,NA,Colombia,Farsa de los pingüinos peripatéticos,67,Mayo 30 1942,No,NA,Español,NA,Poesía,NA,NA,NA,14,NA,NA
Hojas de Poesía,68,Anónimo,Redactor,NA,NA,Arturo Camacho Ramírez,8,Junio 15 1942,No,NA,Español,NA,Prosa No ficción,NA,NA,NA,1,NA,Al final de la página tiene la bibliografía
Hojas de Poesía,69,"Camacho Ramírez, Arturo",Creador,NA,Colombia,Mujeres de otro día,8,Junio 15 1942,No,NA,Español,NA,Poesía,Poema,NA,NA,1,NA,NA
Hojas de Poesía,70,"Camacho Ramírez, Arturo",Creador,NA,Colombia,La niña sin sombra,8,Junio 15 1942,No,NA,Español,NA,Poesía,Poema,NA,NA,2,NA,NA
Hojas de Poesía,71,"Camacho Ramírez, Arturo",Creador,NA,Colombia,Presagio del amor. (Introducción),8,Junio 15 1942,No,NA,Español,NA,Poesía,Poema,NA,NA,0.5,NA,NA
Hojas de Poesía,72,"Camacho Ramírez, Arturo",Creador,NA,Colombia,Vitalidad de la muerte. (Introdcción),8,Junio 15 1942,No,NA,Español,NA,Poesía,Poema,NA,NA,0.5,NA,NA
Hojas de Poesía,73,"Camacho Ramírez, Arturo",Creador,NA,Colombia,Presagio del amor. (Fragmento),8,Junio 15 1942,No,NA,Español,NA,Poesía,Poema,NA,NA,2,NA,NA
Hojas de Poesía,74,Anónimo,Redactor,NA,NA,José Umaña Bernal,9,Julio 1 1942,No,NA,Español,NA,Prosa No ficción,NA,NA,NA,1,NA,Al final de la página tiene la bibliografía
Hojas de Poesía,75,Umaña Bernal. José,Creador,NA,Colombia,Nocturno del adios,9,Julio 1 1942,No,NA,Español,NA,Poesía,Poema,NA,NA,1,NA,NA
Hojas de Poesía,76,Umaña Bernal. José,Creador,NA,Colombia,Poesía,9,Julio 1 1942,No,NA,Español,NA,Poesía,Poema,NA,NA,0.25,NA,NA
Hojas de Poesía,77,Umaña Bernal. José,Creador,NA,Colombia,Huella,9,Julio 1 1942,No,NA,Español,NA,Poesía,Poema,NA,NA,0.25,NA,NA
Hojas de Poesía,78,Umaña Bernal. José,Creador,NA,Colombia,Clausura,9,Julio 1 1942,No,NA,Español,NA,Poesía,Poema,NA,NA,0.25,NA,NA
Hojas de Poesía,79,Umaña Bernal. José,Creador,NA,Colombia,Rosa,9,Julio 1 1942,No,NA,Español,NA,Poesía,Poema,NA,NA,0.25,NA,NA
Hojas de Poesía,80,Umaña Bernal. José,Creador,NA,Colombia,Surtidor,9,Julio 1 1942,No,NA,Español,NA,Poesía,Poema,NA,NA,0.25,NA,NA
Hojas de Poesía,81,Umaña Bernal. José,Creador,NA,Colombia,Ruedo,9,Julio 1 1942,No,NA,Español,NA,Poesía,Poema,NA,NA,0.25,NA,NA
Hojas de Poesía,82,Umaña Bernal. José,Creador,NA,Colombia,Redondel,9,Julio 1 1942,No,NA,Español,NA,Poesía,Poema,NA,NA,0.25,NA,NA
Hojas de Poesía,83,Umaña Bernal. José,Creador,NA,Colombia,Gallo,9,Julio 1 1942,No,NA,Español,NA,Poesía,Poema,NA,NA,0.25,NA,NA
Hojas de Poesía,84,Umaña Bernal. José,Creador,NA,Colombia,Soledad,9,Julio 1 1942,No,NA,Español,NA,Poesía,Poema,NA,NA,0.25,NA,NA
Hojas de Poesía,85,Umaña Bernal. José,Creador,NA,Colombia,Sombra,9,Julio 1 1942,No,NA,Español,NA,Poesía,Poema,NA,NA,0.25,NA,NA
Hojas de Poesía,86,Umaña Bernal. José,Creador,NA,Colombia,Evasión,9,Julio 1 1942,No,NA,Español,NA,Poesía,Poema,NA,NA,0.25,NA,NA
Hojas de Poesía,87,Umaña Bernal. José,Creador,NA,Colombia,Sentencia,9,Julio 1 1942,No,NA,Español,NA,Poesía,Poema,NA,NA,0.25,NA,NA
Hojas de Poesía,88,Umaña Bernal. José,Creador,NA,Colombia,Nocturno del ruego,9,Julio 1 1942,No,NA,Español,NA,Poesía,Poema,NA,NA,0.75,NA,NA
Hojas de Poesía,89,Umaña Bernal. José,Creador,NA,Colombia,Laberinto,9,Julio 1 1942,No,NA,Español,NA,Poesía,Poema,NA,NA,0.25,NA,NA
Hojas de Poesía,90,Umaña Bernal. José,Creador,NA,Colombia,Muestrario del trópico,9,Julio 1 1942,No,NA,Español,NA,Poesía,Poema,NA,NA,1,NA,NA
Hojas de Poesía,91,Anónimo,Redactor,NA,NA,Rafael Maya,10,Junio 1 1943,No,NA,Español,NA,Prosa No ficción,NA,NA,NA,1,NA,Al final de la página tiene la bibliografía. Además a partir de este número es dirigida por Elvira Mendoza. Antes estuvo dirigida por Jorge Zalamea
Hojas de Poesía,92,"Maya, Rafael",Creador,NA,Colombia,Todo paso,10,Junio 1 1943,No,NA,Español,NA,Poesía,Poema,NA,NA,0.5,NA,NA
Hojas de Poesía,93,"Maya, Rafael",Creador,NA,Colombia,Seremos tristes,10,Junio 1 1943,No,NA,Español,NA,Poesía,Poema,NA,NA,0.5,NA,NA
Hojas de Poesía,94,"Maya, Rafael",Creador,NA,Colombia,La vida,10,Junio 1 1943,No,NA,Español,NA,Poesía,Poema,NA,NA,0.75,NA,NA
Hojas de Poesía,95,"Maya, Rafael",Creador,NA,Colombia,Los desterrados,10,Junio 1 1943,No,NA,Español,NA,Poesía,Poema,NA,NA,0.75,NA,NA
Hojas de Poesía,96,"Maya, Rafael",Creador,NA,Colombia,Alla lejos,10,Junio 1 1943,No,NA,Español,NA,Poesía,Poema,NA,NA,0.5,NA,NA
Hojas de Poesía,97,"Maya, Rafael",Creador,NA,Colombia,El nocturno del alba,10,Junio 1 1943,No,NA,Español,NA,Poesía,Poema,NA,NA,0.5,NA,NA
Hojas de Poesía,98,"Maya, Rafael",Creador,NA,Colombia,El día,10,Junio 1 1943,No,NA,Español,NA,Poesía,Poema,NA,NA,0.5,NA,NA
Hojas de Poesía,99,"Maya, Rafael",Creador,NA,Colombia,El mundo en flor,10,Junio 1 1943,No,NA,Español,NA,Poesía,Poema,NA,NA,1.5,NA,NA
Hojas de Poesía,100,Anónimo,Redactor,NA,NA,José Asunción Silva,11,Julio 1 1943,No,NA,Español,NA,Prosa No ficción,NA,NA,NA,1,NA,"Al final tiene la bibliografía, pero además indica que se ha tomado del libro ""Poesía colombiana"" de Carlos Arturo Caparros."
Hojas de Poesía,101,"Silva, José Asunción",Creador,NA,Colombia,Vejeces,11,Jullio 1 1943,No,NA,Español,NA,Poesía,Poema,NA,NA,1,NA,NA
Hojas de Poesía,102,"Silva, José Asunción",Creador,NA,Colombia,Una noche,11,Jullio 1 1943,No,NA,Español,NA,Poesía,Poema,NA,NA,1,NA,NA
Hojas de Poesía,103,"Silva, José Asunción",Creador,NA,Colombia,A veces cuando en alta noche,11,Jullio 1 1943,No,NA,Español,NA,Poesía,Poema,NA,NA,0.75,NA,NA
Hojas de Poesía,104,"Silva, José Asunción",Creador,NA,Colombia,Ars,11,Jullio 1 1943,No,NA,Español,NA,Poesía,Poema,NA,NA,0.25,NA,NA
Hojas de Poesía,105,"Silva, José Asunción",Creador,NA,Colombia,Juntos los dos,11,Jullio 1 1943,No,NA,Español,NA,Poesía,Poema,NA,NA,0.25,NA,NA
Hojas de Poesía,106,"Silva, José Asunción",Creador,NA,Colombia,Serenata,11,Jullio 1 1943,No,NA,Español,NA,Poesía,Poema,NA,NA,0.75,NA,NA
Hojas de Poesía,107,"Silva, José Asunción",Creador,NA,Colombia,Luz de luna,11,Jullio 1 1943,No,NA,Español,NA,Poesía,Poema,NA,NA,1.5,NA,NA
Hojas de Poesía,108,Anónimo,Redactor,NA,NA,Juan Lozano y Lozano,12,Agosto de 1943,No,NA,Español,NA,Prosa No ficción,NA,NA,NA,1,NA,NA
Hojas de Poesía,109,"Lozano y Lozano, Juan",Creador,NA,Colombia,El surtidor,12,Agosto de 1943,No,NA,Español,NA,Poesía,Poema,NA,NA,1,NA,NA
Hojas de Poesía,110,"Lozano y Lozano, Juan",Creador,NA,Colombia,"En el monico, en Londres…",12,Agosto de 1943,No,NA,Español,NA,Poesía,Poema,NA,NA,1,NA,NA
Hojas de Poesía,111,"Lozano y Lozano, Juan",Creador,NA,Colombia,Mi tía,12,Agosto de 1943,No,NA,Español,NA,Poesía,Poema,NA,NA,1,NA,NA
Hojas de Poesía,112,"Lozano y Lozano, Juan",Creador,NA,Colombia,El secreto,12,Agosto de 1943,No,NA,Español,NA,Poesía,Poema,NA,NA,0.5,NA,NA
Hojas de Poesía,113,"Lozano y Lozano, Juan",Creador,NA,Colombia,Olvido,12,Agosto de 1943,No,NA,Español,NA,Poesía,Poema,NA,NA,0.5,NA,NA
Hojas de Poesía,114,"Lozano y Lozano, Juan",Creador,NA,Colombia,Manos,12,Agosto de 1943,No,NA,Español,NA,Poesía,Poema,NA,NA,0.5,NA,NA
Hojas de Poesía,115,"Lozano y Lozano, Juan",Creador,NA,Colombia,Beatitud,12,Agosto de 1943,No,NA,Español,NA,Poesía,Poema,NA,NA,0.5,NA,NA
Hojas de Poesía,116,"Lozano y Lozano, Juan",Creador,NA,Colombia,A Luisa,12,Agosto de 1943,No,NA,Español,NA,Poesía,Poema,NA,NA,0.75,NA,NA
Hojas de Poesía,117,"Lozano y Lozano, Juan",Creador,NA,Colombia,Despedida,12,Agosto de 1943,No,NA,Español,NA,Poesía,Poema,NA,NA,0.25,NA,NA
Hojas de Poesía,118,Anónimo,Redactor,NA,NA,German Pardo García,13,Septiembre de 1943,No,NA,Español,NA,Prosa No ficción,NA,NA,NA,1,NA,NA
Hojas de Poesía,119,"Pardo García, Germán",Creador,NA,Colombia,Otoño azul,13,Septiembre de 1943,No,NA,Español,NA,Poesía,Poema,NA,NA,0.5,NA,NA
Hojas de Poesía,120,"Pardo García, Germán",Creador,NA,Colombia,El recinto,13,Septiembre de 1943,No,NA,Español,NA,Poesía,Poema,NA,NA,0.5,NA,NA
Hojas de Poesía,121,"Pardo García, Germán",Creador,NA,Colombia,Presencia de la muerte,13,Septiembre de 1943,No,NA,Español,NA,Poesía,Poema,NA,NA,1.5,NA,NA
Hojas de Poesía,122,"Pardo García, Germán",Creador,NA,Colombia,Nada,13,Septiembre de 1943,No,NA,Español,NA,Poesía,Poema,"Neruda, Pablo ",NA,0.5,NA,NA
Hojas de Poesía,123,"Pardo García, Germán",Creador,NA,Colombia,Retratos de niño en la brisa,13,Septiembre de 1943,No,NA,Español,NA,Poesía,Poema,"Marvin Weller,Johnny ",NA,0.5,NA,NA
Hojas de Poesía,124,"Pardo García, Germán",Creador,NA,Colombia,A la presencia de la poesía,13,Septiembre de 1943,No,NA,Español,NA,Poesía,Poema,NA,NA,0.5,NA,NA
Hojas de Poesía,125,"Pardo García, Germán",Creador,NA,Colombia,Las pausas,13,Septiembre de 1943,No,NA,Español,NA,Poesía,Poema,NA,NA,1.5,NA,NA
Hojas de Poesía,126,"Pardo García, Germán",Creador,NA,Colombia,Arbol humano,13,Septiembre de 1943,No,NA,Español,NA,Poesía,Poema,NA,NA,0.5,NA,NA
Hojas de Poesía,127,Anónimo,Redactor,NA,NA,Eduardo Carranza,14,Noviembre de 1943,No,NA,Español,NA,Prosa No ficción,NA,NA,NA,0.5,NA,"Al final (en una nota) ,menciona los libros publicados por el autor"
Hojas de Poesía,128,"Carranza, Eduardo",Creador,NA,Colombia,La niña de los jardines,14,Noviembre de 1943,No,NA,Español,NA,Poesía,Poema,NA,NA,0.5,NA,Epígrafe de Rafael Pombo
Hojas de Poesía,129,"Carranza, Eduardo",Creador,NA,Colombia,Muchacha como isla,14,Noviembre de 1943,No,NA,Español,NA,Poesía,Poema,NA,NA,0.5,NA,NA
Hojas de Poesía,130,"Carranza, Eduardo",Creador,NA,Colombia,"Se canta a los llanos de la patria, en metáfora de muchacha",14,Noviembre de 1943,No,NA,Español,NA,Poesía,Poema,NA,NA,2,NA,NA
Hojas de Poesía,131,"Carranza, Eduardo",Creador,NA,Colombia,Tema de ausencia,14,Noviembre de 1943,No,NA,Español,NA,Poesía,Poema,NA,NA,0.5,NA,Epígrafe de Juan Ramón Jiménez
Hojas de Poesía,132,"Carranza, Eduardo",Creador,NA,Colombia,Ausencia enamorada,14,Noviembre de 1943,No,NA,Español,NA,Poesía,Poema,NA,NA,0.5,NA,NA
Hojas de Poesía,133,"Carranza, Eduardo",Creador,NA,Colombia,Imagen casi perdida,14,Noviembre de 1943,No,NA,Español,NA,Poesía,Poema,NA,NA,0.25,NA,NA
Hojas de Poesía,134,"Carranza, Eduardo",Creador,NA,Colombia,Viento de espigas,14,Noviembre de 1943,No,NA,Español,NA,Poesía,Poema,NA,NA,0.75,NA,Epígrafe de E. C. (Tal vez de él mismo?)
Hojas de Poesía,135,"Carranza, Eduardo",Creador,NA,Colombia,Soneto a la rosa,14,Noviembre de 1943,No,NA,Español,NA,Poesía,Poema,NA,NA,0.5,NA,NA
Hojas de Poesía,136,"Carranza, Eduardo",Creador,NA,Colombia,Soneto insistente,14,Noviembre de 1943,No,NA,Español,NA,Poesía,Poema,NA,NA,0.5,NA,NA
Hojas de Poesía,137,Anónimo,Redactor,NA,NA,Darío Samper,15,Enero de 1944,No,NA,Español,NA,Prosa No ficción,NA,NA,NA,1,NA,NA
Hojas de Poesía,138,"Samper, Darío",Creador,NA,Colombia,"Tu voz, la estrella y el río",15,Enero de 1944,No,NA,Español,NA,Poesía,Poema,NA,NA,0.5,NA,NA
Hojas de Poesía,139,"Samper, Darío",Creador,NA,Colombia,Bambuco,15,Enero de 1944,No,NA,Español,NA,Poesía,Poema,NA,NA,0.5,NA,NA
Hojas de Poesía,140,"Samper, Darío",Creador,NA,Colombia,Romance de José del Carmen Tejeiro,15,Enero de 1944,No,NA,Español,NA,Poesía,Poema,"Regueros Peralta,Arturo ",NA,1.75,NA,NA
Hojas de Poesía,141,"Samper, Darío",Creador,NA,Colombia,Retrato ,15,Enero de 1944,No,NA,Español,NA,Poesía,Poema,NA,NA,0.25,NA,NA
Hojas de Poesía,142,"Samper, Darío",Creador,NA,Colombia,María,15,Enero de 1944,No,NA,Español,NA,Poesía,Poema,NA,NA,0.5,NA,NA
Hojas de Poesía,143,"Samper, Darío",Creador,NA,Colombia,Canta-Gallo,15,Enero de 1944,No,NA,Español,NA,Poesía,Poema,NA,NA,0.5,NA,NA
Hojas de Poesía,144,"Samper, Darío",Creador,NA,Colombia,Soneto de su voz,15,Enero de 1944,No,NA,Español,NA,Poesía,Poema,NA,NA,0.5,NA,NA
Hojas de Poesía,145,"Samper, Darío",Creador,NA,Colombia,Jinetes,15,Enero de 1944,No,NA,Español,NA,Poesía,Poema,NA,NA,0.5,NA,NA
Hojas de Poesía,146,"Samper, Darío",Creador,NA,Colombia,Himno,15,Enero de 1944,No,NA,Español,NA,Poesía,Poema,NA,NA,0.5,NA,NA
Hojas de Poesía,147,"Samper, Darío",Creador,NA,Colombia,Soneto de amor,15,Enero de 1944,No,NA,Español,NA,Poesía,Poema,NA,NA,0.5,NA,NA
