Nombre de la revista,Número de la contribución,Autor de la contribución,Roles,Seudónimo / Abreviatura del nombre,País de origen,Título de la contribución,Número del fascículo,Fecha de publicación,Traducción,Traductor,Lengua en la que aparece en la revista,Lengua original [si es traducción],Tipo de contribución [Género según investigador],Tipo de contribución según la revista,Dedicatoria,Obras reseñadas [solo se indica para el caso de las reseñas],Cantidad de páginas,Paginación,Comentarios
Panida,1,Daniel Posada,NA,NA,Colombia,Satrería francesa,1,1915,No,NA,Español,NA,Publicidad,NA,NA,NA,1,NA,Cuenta con una ilustración de ropa [esta publicidad se repite en otros números]
Panida,2,Administración,NA,NA,Colombia,"""Panida""",1,1915,No,NA,Español,NA,Publicidad,NA,NA,NA,1,NA,Aviso sobre precios y distribuidores [esta publicidad se repite en otros números]
Panida,3,NA,NA,NA,Colombia,Almacén británico,1,1915,No,NA,Español,NA,Publicidad,NA,NA,NA,1,NA,
Panida,4,Guillermo Vélez,NA,NA,Colombia,Ebanistería Guillermo Vélez ,1,1915,No,NA,Español,NA,Publicidad,NA,NA,NA,1,NA,Se anuncia que se ubica frente al teatro [esta publicidad se repite en otros números]
Panida,5,Administración,NA,NA,Colombia,"""Panida""",1,1915,No,NA,Español,NA,Publicidad,NA,NA,NA,1,NA,Aviso sobre pagos y suscripciones [esta publicidad se repite en otros números]
Panida,6,Gabriel Uribe Lince,NA,NA,Colombia,Lavado y planchado a vapor,1,1915,No,NA,Español,NA,Publicidad,NA,NA,NA,1,NA,El resposable anuncia que la maquinaria es europea y cuenta con diferentes estudios en el exterior [esta publicidad se repite en otros números]
Panida,7,José Enrique Rodó,Creador,NA,Uruguay,En el álbum de un poeta,1,1915,No,NA,Español,NA,Poesía,NA,NA,NA,1,1,
Panida,8,Jorge Villa Carrasquilla,Creador,M. Carré,Colombia,Una historia,1,1915,No,NA,Español,NA,Prosa Ficción,NA,NA,NA,1,2,
Panida,9,Félix Mejía Arango,Creador,C. R. Pino,Colombia,Elegía,1,1915,No,NA,Español,NA,Poesía,NA,NA,NA,2,3-1,
Panida,10,Victor Remouchamps,Creador,NA,Francia,Nil Noir,1,1915,Sí,Jesús Restrepo Olarte,Español,Francés,Poesía,NA,NA,NA,1,4,
Panida,11,Manuel Machado,Creador,NA,España,"Granada, por Rusiñol",1,1915,No,NA,Español,NA,Poesía,NA,NA,NA,1,5,
Panida,12,Anatole France,Creador,NA,Francia,Cuento de Hadas,1,1915,No,NA,Español,NA,Prosa No ficción,NA,NA,NA,3,5-7,
Panida,13,León de Greiff,Creador,Leo LEGRIS,Colombia,La Balada de los Buhos Estáticos,1,1915,No,NA,Español,NA,Poesía,NA,NA,NA,2,7-8,
Panida,14,Peter Altenberg,Creador,NA,Austria,De diez y siete a treinta,1,1915,No,NA,Español,NA,Prosa Ficción,NA,NA,NA,2,9-10,
Panida,15,Rafael Jaramillo Arango,Creador,Fernando Villalba,Colombia,Pan,1,1915,No,NA,Español,NA,Poesía,NA,NA,NA,2,10-11,
Panida,16,NA,Creador,Cebrián de Amocete,Colombia,"Del libro ""Don Juan Manuel de Padilla""",1,1915,No,NA,Español,NA,Prosa Ficción,NA,NA,NA,2,11-12,
Panida,17,Arturo Graf,Creador,NA,España,Morte Regina,1,1915,Sí,Enrique Díez Canedo ,Español,Italiano,Poesía,NA,NA,NA,1,13,
Panida,18,NA,Creador,El Visir GULLIVER,Colombia,Al Crayon,1,1915,No,NA,Español,NA,Prosa Ficción,NA,NA,NA,2,13-14,
Panida,19,Redacción,Creador,⁂,Colombia,NA,1,1915,No,NA,Español,NA,Prosa No ficción,NA,NA,NA,1,15,
Panida,20,Redacción,Creador,⁂,Colombia,NA,1,1915,No,NA,Español,NA,Prosa No ficción,NA,NA,NA,1,15,
Panida,21,Ivan Turganeff,Creador,NA,Rusia,NA,1,1915,No,NA,Español,NA,Prosa No ficción,NA,NA,NA,1,15,
Panida,22,Redacción,Creador,⁂,Colombia,NA,1,1915,No,NA,Español,NA,Prosa Ficción,NA,NA,NA,2,15-16,
Panida,23,NA,Creador,NA,NA,Arturo Graf,1,1915,No,NA,Español,NA,Prosa Ficción,NA,NA,NA,1,16,Semblanza
Panida,24,Juan Ramón Jiménez,Creador,NA,España,Páginas Dolorosas,1,1915,No,NA,Español,NA,Prosa No ficción,NA,NA,NA,1,16,
Panida,25,Jesús A. Merino,NA,NA,Colombia,Salón París,1,1915,No,NA,Español,NA,Publicidad,NA,NA,NA,1,NA,
Panida,26,Antonio J. Uribe,NA,NA,Colombia,Antonio J. Uribe,1,1915,No,NA,Español,NA,Publicidad,NA,NA,NA,1,NA,"Se anuncia que el susodicho comercia con máquinas de escribir y se encuentra en el café El Globo, donde se reunían los panidas [esta publicidad se repite en otros números]"
Panida,27,NA,NA,NA,Colombia,La reina,1,1915,No,NA,Español,NA,Publicidad,NA,NA,NA,1,NA,Marca de harina [esta publicidad se repite en otros números]
Panida,28,NA,NA,NA,Colombia,Jaime Serra,1,1915,No,NA,Español,NA,Publicidad,NA,NA,NA,1,NA,"Vendedor de vinos. También figura el nombre de Rafael Navarro y Compañía, pero no en el encabezado [esta publicidad se repite en otros números]"
Panida,29,NA,NA,NA,Colombia,Vino de Carne Quinado,1,1915,No,NA,Español,NA,Publicidad,NA,NA,NA,1,NA,Medicamento [esta publicidad se repite en otros números]
Panida,30,NA,NA,NA,Colombia,"Los fósforos ""Olano""",1,1915,No,NA,Español,NA,Publicidad,NA,NA,NA,1,NA,
Panida,31,L. Gómez,NA,NA,Colombia,L. Gómez Cirujano dentista,1,1915,No,NA,Español,NA,Publicidad,NA,NA,NA,1,NA,
Panida,32,Laureano Merino,NA,NA,Colombia,"Gran surtido de corsés ""Warner's"" ",1,1915,No,NA,Español,NA,Publicidad,NA,NA,NA,1,NA,
Panida,33,NA,NA,NA,Colombia,Talleres de aplanchado eléctrico,1,1915,No,NA,Español,NA,Publicidad,NA,NA,NA,1,NA,
Panida,34,Eleázar Arango Ferrer / Emilio Correa U.,NA,NA,Colombia,Cemento antioqueño,1,1915,No,NA,Español,NA,Publicidad,NA,NA,NA,1,NA,Se publicita este cemento mostrando un comprobante de contratación para construir la estación del ferrocarril de Medellín [esta publicidad se repite en otros números]
Panida,35,Teodomiro Isaza / Félix Mejía Arango,Creador,Helena de MAIA,Colombia,Almas Humanas,2,1915,No,NA,Español,NA,Poesía,NA,NA,NA,3,17-19,"Algunas fuentes le dan este pseudónimo a Teodomiro Isaza, pero otras insinúan que también pudo intervenir Félix Mejía [esta publicidad se repite en otros números]"
Panida,36,León de Greiff,Creador,Juan CRISTÓBAL,Colombia,Omar Khayyam,2,1915,No,NA,Español,NA,Poesía,NA,NA,NA,1,19,
Panida,37,Francisco Villa López,Creador,V. de LUSSICH,Colombia,Del parque,2,1915,No,NA,Español,NA,Poesía,NA,NA,NA,1,20,
Panida,38,Jorge Villa Carrasquilla,Creador,M. Carré,Colombia,Como un río,2,1915,No,NA,Español,NA,Prosa Ficción,NA,NA,NA,2,20-21,
Panida,39,AB. FARINA,Creador,NA,Colombia,Evocación,2,1915,No,NA,Español,NA,Poesía,NA,NA,NA,1,22,
Panida,40,M. Rodríguez-Rendueles,Creador,NA,España,A Paul Verlaine,2,1915,No,NA,Español,NA,Poesía,NA,NA,NA,1,22,
Panida,41,Jesús Restrepo Olarte,Creador,Jean GÉNIER,Colombia,Feas,2,1915,No,NA,Español,NA,Poesía,NA,Tomás Márquez,NA,2,23-24,
Panida,42,Rafael Jaramillo Arango,Creador,Fernando Villalba,Colombia,La Historia de Zulema,2,1915,No,NA,Español,NA,Poesía,NA,NA,NA,1,25,
Panida,43,Félix Mejía Arango,Creador,C. R. Pino,Colombia,Como quiero mi amor,2,1915,No,NA,Español,NA,Poesía,NA,C. Mejía M.,NA,1,26,
Panida,44,Giovanni Papini,Creador,NA,Italia,Elegía por lo que no fue,2,1915,No,NA,Español,NA,Poesía,NA,NA,NA,2,27-28,
Panida,45,Francis Jammes,Creador,NA,Francia,Cette Persone…,2,1915,No,E. Díez-Canedo,Español,Francés,Poesía,NA,NA,NA,2,28-29,
Panida,46,Libardo Parra Toro,Creador,NA,Colombia,Tierra Fría,2,1915,No,NA,Español,NA,Poesía,NA,M. Carré,NA,1,29,
Panida,47,León de Greiff,Creador,Leo LEGRIS,Colombia,Balada Desolada,2,1915,No,NA,Español,NA,Poesía,NA,NA,NA,1,30,
Panida,48,NA,Creador,NA,Colombia,Francis Jammes,2,1915,No,NA,Español,NA,Prosa No ficción,NA,NA,NA,1,31,Semblanza
Panida,49,José Ingenieros,Creador,NA,Argentina,NA,2,1915,No,NA,Español,NA,Prosa No ficción,NA,NA,NA,1,31,
Panida,50,Redacción,Creador,⁂,Colombia,NA,2,1915,No,NA,Español,NA,Prosa No ficción,NA,NA,NA,1,31,Declaración de pseudónimos
Panida,51,Redacción,Creador,⁂,Colombia,Omar Khayyam,2,1915,No,NA,Español,NA,Prosa No ficción,NA,NA,NA,1,31,Semblanza
Panida,52,Edgar POE,Creador,NA,Estados Unidos ,NA,2,1915,No,NA,Español,NA,Prosa Ficción,NA,NA,NA,1,31,
Panida,53,Redacción,Creador,⁂,Colombia,NA,2,1915,No,NA,Español,NA,Reseña,NA,NA,El jardín de Berenice (Maurice Barrés),1,32,
Panida,54,Stephane Mallarmé,Creador,NA,Francia,NA,2,1915,No,NA,Español,NA,Prosa No ficción,NA,NA,NA,1,32,
Panida,55,NA,Creador,NA,Colombia,Giovanni Papini,2,1915,No,NA,Español,NA,Prosa No ficción,NA,NA,NA,1,32,Semblanza
Panida,56,Oscar Wilde,Creador,NA,Reino Unido,NA,2,1915,No,NA,Español,NA,Prosa No ficción,NA,NA,NA,1,32,
Panida,57,NA,NA,NA,Colombia,"""Panida""",3,1915,No,NA,Español,NA,Publicidad,NA,NA,NA,1,NA,
Panida,58,Ricardo Rendón,Creador,NA,Colombia,Tomás Carrasquilla,3,1915,No,NA,NA,NA,Imagen,NA,NA,NA,1,NA,
Panida,59,Peter Altenberg,Creador,NA,Austria,Autobiografía,3,1915,No,NA,Español,NA,Prosa No ficción,NA,NA,NA,2,33-34,
Panida,60,Juan Ramón Jiménez,Creador,NA,España,Fragmento,3,1915,No,NA,Español,NA,Poesía,NA,NA,NA,1,34,
Panida,61,Antonio J. Cano,Creador,NA,Colombia,Rimas Orientales,3,1915,No,NA,Español,NA,Poesía,NA,NA,NA,1,35,
Panida,62,Ricardo Rendón,Creador,Daniel ZEGRI,Colombia,"""Ego te absolvo""",3,1915,No,NA,Español,NA,Poesía,NA,NA,NA,1,36,
Panida,63,Oscar Wilde,Creador,NA,Reino Unido,El discípulo,3,1915,No,NA,Español,NA,Prosa Ficción,NA,NA,NA,1,36-37,
Panida,64,Félix Mejía Arango,Creador,C. R. P.,Colombia,Palabras,3,1915,No,NA,Español,NA,Poesía,NA,NA,NA,1,37,
Panida,65,Rafael Jaramillo Arango,Creador,Fernando Villalba,Colombia,Mithos por tu amor…,3,1915,No,NA,Español,NA,Poesía,NA,NA,NA,1,38,
Panida,66,André SUARÉZ,Creador,NA,Francia,Le Ressucité,3,1915,Sí,Jesús Restrepo Olarte,Español,Francés,Poesía,NA,NA,NA,2,39-40,
Panida,67,Félix Mejía Arango,Creador,C. R. Pino,Colombia,"Una página del ""Libro de mis pecados""",3,1915,No,NA,Español,NA,Poesía,NA,V. de Lussich,NA,1,40,
Panida,68,Jorge Villa Carrasquilla,Creador,M. Carré,Colombia,Primeras paradas,3,1915,No,NA,Español,NA,Poesía,NA,NA,NA,1,41,
Panida,69,Eduardo Vasco,Creador,Alhy CAVATINI,Colombia,Epistolario sentimental,3,1915,No,NA,Español,NA,Poesía,NA,Maruja,NA,2,42-43,
Panida,70,León de Greiff,Creador,Leo LEGRIS,Colombia,Baladas Desoladas,3,1915,No,NA,Español,NA,Poesía,NA,NA,NA,1,44,
Panida,71,Jesús Restrepo Olarte,Creador,Xavier de LYS,Colombia,Salida del Baile,3,1915,No,NA,Español,NA,Poesía,NA,Fernando Villalba,NA,2,45-46,
Panida,72,Redacción,Creador,⁂,Colombia,Antonio J. Cano,3,1915,No,NA,Español,NA,Prosa No ficción,NA,NA,NA,1,47,Semblanza
Panida,73,Rubén Darío,Creador,NA,Nicaragua,NA,3,1915,,NA,Español,NA,Poesía,NA,NA,NA,1,47,
Panida,74,Redacción,Creador,⁂,Colombia,Oscar Wilde,3,1915,No,NA,Español,NA,Prosa No ficción,NA,NA,NA,1,47,Semblanza
Panida,75,Redacción,Creador,⁂,Colombia,Abel Farina,3,1915,No,NA,Español,NA,Prosa No ficción,NA,NA,NA,2,47-48,Semblanza
Panida,76,Paul Fort,Creador,NA,Francia,NA,3,1915,No,NA,Español,NA,Prosa No ficción,NA,NA,NA,1,48,
Panida,77,Azorín,Creador,NA,España,NA,3,1915,No,NA,Español,NA,Prosa No ficción,NA,NA,NA,1,48,
Panida,78,Arturo Schopenhauer,Creador,NA,Alemania,NA,3,1915,No,NA,Español,NA,Prosa No ficción,NA,NA,NA,1,48,
Panida,79,NA,NA,NA,Colombia,Almacén británico,3,1915,No,NA,Español,NA,Publicidad,NA,NA,NA,1,NA,
Panida,80,Guillermo Vélez,NA,NA,Colombia,Ebanistería Guillermo Vélez ,3,1915,No,NA,Español,NA,Publicidad,NA,NA,NA,1,NA,
Panida,81,NA,NA,NA,Colombia,Dibujo-pintura-grabado,3,1915,No,NA,Español,NA,Publicidad,NA,NA,NA,1,NA,
Panida,82,J. Toro Isaza,NA,NA,Colombia,Gestos maletas y alforjones,3,1915,No,NA,Español,NA,Publicidad,NA,NA,NA,1,NA,
Panida,83,Gabriel Uribe Lince,NA,NA,Colombia,Lavado y planchado a vapor,3,1915,No,NA,Español,NA,Publicidad,NA,NA,NA,1,NA,
Panida,84,NA,NA,NA,Colombia,Osorio-Ángel Ingenieros,3,1915,No,NA,Español,NA,Publicidad,NA,NA,NA,1,NA,
Panida,85,Jesús A. Merino,NA,NA,Colombia,Salón París,3,1915,No,NA,Español,NA,Publicidad,NA,NA,NA,1,NA,
Panida,86,Antonio J. Uribe,NA,NA,Colombia,Antonio J. Uribe,3,1915,No,NA,Español,NA,Publicidad,NA,NA,NA,1,NA,
Panida,87,NA,NA,NA,Colombia,La reina,3,1915,No,NA,Español,NA,Publicidad,NA,NA,NA,1,NA,
Panida,88,NA,NA,NA,Colombia,Vino de Carne Quinado,3,1915,No,NA,Español,NA,Publicidad,NA,NA,NA,1,NA,
Panida,89,NA,NA,NA,Colombia,"Los fósforos ""Olano""",3,1915,No,NA,Español,NA,Publicidad,NA,NA,NA,1,NA,
Panida,90,L. Gómez,NA,NA,Colombia,L. Gómez Cirujano dentista,3,1915,No,NA,Español,NA,Publicidad,NA,NA,NA,1,NA,
Panida,91,Laureano Merino,NA,NA,Colombia,"Gran surtido de corsés ""Warner's"" ",3,1915,No,NA,Español,NA,Publicidad,NA,NA,NA,1,NA,
Panida,92,NA,NA,NA,Colombia,Talleres de aplanchado eléctrico,3,1915,No,NA,Español,NA,Publicidad,NA,NA,NA,1,NA,
Panida,93,Eleázar Arango Ferrer / Emilio Correa U.,NA,NA,Colombia,Cemento antioqueño,3,1915,No,NA,Español,NA,Publicidad,NA,NA,NA,1,NA,
Panida,94,Daniel Posada,NA,NA,Colombia,Sastrería Francesa,3,1915,No,NA,Español,NA,Publicidad,NA,NA,NA,1,NA,
Panida,95,NA,NA,NA,Colombia,"""Panida""",4,1915,No,NA,Español,NA,Publicidad,NA,NA,NA,1,NA,
Panida,96,NA,NA,NA,Colombia,Almacén británico,4,1915,No,NA,Español,NA,Publicidad,NA,NA,NA,1,NA,
Panida,97,NA,NA,NA,Colombia,El Chic',4,1915,No,NA,Español,NA,Publicidad,NA,NA,NA,1,NA,"Otro almacén de ropa, esta vez femenina [esta publicidad se repite en otros números]"
Panida,98,NA,NA,NA,Colombia,Dibujo-pintura-grabado,4,1915,No,NA,Español,NA,Publicidad,NA,NA,NA,1,NA,
Panida,99,J. Toro Isaza,NA,NA,Colombia,Gestos maletas y alforjones,4,1915,No,NA,Español,NA,Publicidad,NA,NA,NA,1,NA,
Panida,100,Gabriel Uribe Lince,NA,NA,Colombia,Lavado y planchado a vapor,4,1915,No,NA,Español,NA,Publicidad,NA,NA,NA,1,NA,
Panida,101,Ricardo Rendón,Creador,NA,Colombia,Jesús Restrepo Rivera,4,1915,No,NA,Español,NA,Imagen,NA,NA,NA,1,NA,
Panida,102,J. Restrepo Rivera,Creador,NA,Colombia,Fabla Doliente,4,1915,No,NA,Español,NA,Poesía,NA,NA,NA,1,NA,
Panida,103,Teodomiro Isaza / Félix Mejía Arango,Creador,Helena de MAIA,Colombia,Almas Humanas,4,1915,No,NA,Español,NA,Poesía,NA,NA,NA,2,49-50,
Panida,104,J. Restrepo Rivera,Creador,NA,Colombia,Fabla Doliente,4,1915,No,NA,Español,NA,Poesía,NA,NA,NA,1,51,
Panida,105,Rubén Darío,Creador,NA,Nicaragua,Stella,4,1915,No,NA,Español,NA,Poesía,NA,NA,NA,2,52-53,
Panida,106,Ricardo Rendón,Creador,Daniel ZEGRI,Colombia,Llueve,4,1915,No,NA,Español,NA,Poesía,NA,NA,NA,1,53,
Panida,107,Félix Mejía Arango,Creador,C. R. Pino,Colombia,Sol,4,1915,No,NA,Español,NA,Poesía,NA,NA,NA,1,54,
Panida,108,Félix Mejía Arango,Creador,C. R. Pino,Colombia,Salomé,4,1915,No,NA,Español,NA,Poesía,NA,E. Velasco G.,NA,1,54,
Panida,109,Félix Mejía Arango,Creador,C. R. Pino,Colombia,Ofrenda,4,1915,No,NA,Español,NA,Poesía,NA,NA,NA,1,55,
Panida,110,Armand Silvestre,Creador,NA,Francia,El botón de Rosa,4,1915,No,NA,Español,NA,Poesía,NA,NA,NA,1,55,
Panida,111,Sophus Claussen,Creador,NA,Dinamarca,A une morte,4,1915,No,Jesús Restrepo Olarte,Español,NA,Poesía,NA,Ingeborg Stuckenberg,NA,2,56-57,
Panida,112,Jesús Restrepo Olarte,Creador,Xavier de LYS,Colombia,Panida,4,1915,No,NA,Español,NA,Poesía,NA,NA,NA,1,58,
Panida,113,Rafael Jaramillo Arango,Creador,Fernando Villalba,Colombia,Cuenta de cómo fizo las rimas que dijole Don Amor,4,1915,No,NA,Español,NA,Poesía,NA,NA,NA,1,59,
Panida,114,Omar Khayyam,Creador,NA,Irán,Los Rubayata,4,1915,No,NA,Español,NA,Poesía,NA,NA,NA,3,59-61,"El autor es persa, pero el excel solo permite ingresar el país actual "
Panida,115,Jorge Villa Carrasquilla,Creador,M. Carré,Colombia,Menade,4,1915,No,NA,Español,NA,Poesía,NA,Paco Trelles,NA,1,62,
Panida,116,Jesús Restrepo Olarte,Creador,Jean GÉNIER,Colombia,Lucem Tuam,4,1915,No,NA,Español,NA,Poesía,NA,NA,NA,1,62,
Panida,117,Francisco Villa López,Creador,V. de LUSSICH,Colombia,J. Restrepo Rivera,4,1915,No,NA,Español,NA,Prosa No ficción,NA,NA,NA,1,63,Semblanza
Panida,118,NA,Creador,NA,Colombia,Armand Silvestre,4,1915,No,NA,Español,NA,Prosa No ficción,NA,NA,NA,1,63,Semblanza
Panida,119,Francisco Villaespesa,Creador,NA,España,NA,4,1915,No,NA,Español,NA,Prosa No ficción,NA,NA,NA,2,63-64,
Panida,120,Redacción,Creador,⁂,Colombia,Alpha,4,1915,No,NA,Español,NA,Reseña de revista,NA,NA,Alpha,1,64,
Panida,121,Redacción,Creador,⁂,Colombia,NA,4,1915,No,NA,Español,NA,Prosa No ficción,NA,NA,NA,1,64,
Panida,122,NA,NA,NA,Colombia,Osorio-Ángel Ingenieros,4,1915,No,NA,Español,NA,Publicidad,NA,NA,NA,1,NA,
Panida,123,Jesús A. Merino,NA,NA,Colombia,Salón París,4,1915,No,NA,Español,NA,Publicidad,NA,NA,NA,1,NA,
Panida,124,Antonio J. Uribe,NA,NA,Colombia,Antonio J. Uribe,4,1915,No,NA,Español,NA,Publicidad,NA,NA,NA,1,NA,
Panida,125,NA,NA,NA,Colombia,La reina,4,1915,No,NA,Español,NA,Publicidad,NA,NA,NA,1,NA,
Panida,126,NA,NA,NA,Colombia,Vino de Carne Quinado,4,1915,No,NA,Español,NA,Publicidad,NA,NA,NA,1,NA,
Panida,127,NA,NA,NA,Colombia,"Los fósforos ""Olano""",4,1915,No,NA,Español,NA,Publicidad,NA,NA,NA,1,NA,
Panida,128,L. Gómez,NA,NA,Colombia,L. Gómez Cirujano dentista,4,1915,No,NA,Español,NA,Publicidad,NA,NA,NA,1,NA,
Panida,129,Lázaro Tobón,NA,NA,Colombia,Lazaro Tobón Abogado,4,1915,No,NA,Español,NA,Publicidad,NA,NA,NA,1,NA,"Ubicado en el Edificio Central, el mismo en el que imprimían Panida [esta publicidad se repite en otros números]"
Panida,130,NA,NA,NA,Colombia,Talleres de aplanchado eléctrico,4,1915,No,NA,Español,NA,Publicidad,NA,NA,NA,1,NA,
Panida,131,Eleázar Arango Ferrer / Emilio Correa U.,NA,NA,Colombia,Cemento antioqueño,4,1915,No,NA,Español,NA,Publicidad,NA,NA,NA,1,NA,
Panida,132,Daniel Posada,NA,NA,Colombia,Sastrería Francesa,4,1915,No,NA,Español,NA,Publicidad,NA,NA,NA,1,NA,
Panida,133,Teodomiro Isaza / Félix Mejía Arango,Creador,Helena de MAIA,Colombia,Almas Humanas,5,1915,No,NA,Español,NA,Poesía,NA,NA,NA,2,65-66,
Panida,134,Ricardo Rendón,Creador,Daniel ZEGRI,Colombia,Florecillas,5,1915,No,NA,Español,NA,Poesía,NA,NA,NA,1,67,
Panida,135,José Montoya,Creador,NA,Colombia,Abnegación,5,1915,No,NA,Español,NA,Poesía,NA,NA,NA,1,68,
Panida,136,León de Greiff,Creador,Leo LEGRIS,Colombia,Baladas Desoladas,5,1915,No,NA,Español,NA,Poesía,NA,NA,NA,1,69,
Panida,137,Félix Mejía Arango,Creador,C. R. Pino,Colombia,Jardín de amor,5,1915,No,NA,Español,NA,Poesía,NA,NA,NA,1,70,
Panida,138,Azorín,Creador,NA,España,Jardín junto a la vía,5,1915,No,NA,Español,NA,Poesía,NA,NA,NA,1,71,
Panida,139,Teodomiro Isaza,Creador,Mosén Canijo,Colombia,Angelus,5,1915,No,NA,Español,NA,Poesía,NA,NA,NA,1,72,
Panida,140,Libardo Parra Toro,Creador,NA,Colombia,Contraste ,5,1915,No,NA,Español,NA,Poesía,NA,NA,NA,1,72,
Panida,141,Jorge Villa Carrasquilla,Creador,M. Carré,Colombia,Primeras paradas,5,1915,No,NA,Español,NA,Poesía,NA,NA,NA,1,72,
Panida,142,Jesús Restrepo Olarte,Creador,Xavier de LYS,Colombia,Con los perfumes de las cosas idas,5,1915,No,NA,Español,NA,Poesía,NA,NA,NA,1,73,
Panida,143,Eduardo Vasco,Creador,Alhy CAVATINI,Colombia,Epistolario sentimental,5,1915,No,NA,Español,NA,Poesía,NA,NA,NA,3,73-75,
Panida,144,Fernando González,Creador,NA,Colombia,Meditaciones,5,1915,No,NA,Español,NA,Poesía,NA,NA,NA,2,75-76,
Panida,145,Leopoldo Díaz,Creador,NA,Colombia,Oda breve a Gonzalo de Berceo,5,1915,No,NA,Español,NA,Poesía,NA,NA,NA,2,76-77,
Panida,146,Evaristo Carriego,Creador,NA,Argentina,El clavel,5,1915,No,NA,Español,NA,Poesía,NA,NA,NA,1,78,
Panida,147,Evaristo Carriego,Creador,NA,Argentina,En el café,5,1915,No,NA,Español,NA,Poesía,NA,NA,NA,1,78,
Panida,148,Redacción,Creador,⁂,Colombia,Azorín,5,1915,No,NA,Español,NA,Prosa No ficción,NA,NA,NA,1,79,Semblanza
Panida,149,Redacción,Creador,⁂,Colombia,España,5,1915,No,NA,Español,NA,Reseña de revista,NA,NA,"Helios, Renacimiento.",1,79,
Panida,150,José Francés,Creador,NA,España,NA,5,1915,No,NA,Español,NA,Prosa No ficción,NA,NA,NA,1,80,
Panida,151,Redacción,Creador,⁂,Colombia,NA,5,1915,No,NA,Español,NA,Prosa No ficción,NA,NA,NA,1,80,
Panida,152,Andrés González Blanco,Creador,NA,España,NA,5,1915,No,NA,Español,NA,Poesía,NA,NA,NA,1,80,
Panida,153,NA,NA,NA,Colombia,"""Panida""",6,1915,No,NA,Español,NA,Publicidad,NA,NA,NA,1,NA,
Panida,154,NA,NA,NA,Colombia,Almacén británico,6,1915,No,NA,Español,NA,Publicidad,NA,NA,NA,1,NA,
Panida,155,NA,NA,NA,Colombia,El espectador,6,1915,No,NA,Español,NA,Publicidad,NA,NA,NA,1,NA,
Panida,156,NA,NA,NA,Colombia,´Progreso,6,1915,No,NA,Español,NA,Publicidad,NA,NA,NA,1,NA,Publicación de la Sociedad de Mejoras Públicas [esta publicidad se repite en otros números]
Panida,157,NA,NA,NA,Colombia,El correo liberal,6,1915,No,NA,Español,NA,Publicidad,NA,NA,NA,1,NA,
Panida,158,NA,NA,NA,Colombia,Dibujo-pintura-grabado,6,1915,No,NA,Español,NA,Publicidad,NA,NA,NA,1,NA,
Panida,159,J. Toro Isaza,NA,NA,Colombia,Gestos maletas y alforjones,6,1915,No,NA,Español,NA,Publicidad,NA,NA,NA,1,NA,
Panida,160,Gabriel Uribe Lince,NA,NA,Colombia,Lavado y planchado a vapor,6,1915,No,NA,Español,NA,Publicidad,NA,NA,NA,1,NA,
Panida,161,Ricardo Rendón,Creador,NA,Colombia,Abel Farina,6,1915,No,NA,Español,NA,Imagen,NA,NA,NA,1,NA,
Panida,162,Antonio María Restrepo,Creador,Abel Farina,Colombia,Epicedio,6,1915,No,NA,Español,NA,Poesía,NA,NA,NA,1,NA,
Panida,163,Don Ramón de Valle Inclán,Creador,NA,España,"De ""Sonata de estío"" ",6,1915,No,NA,Español,NA,Poesía,NA,NA,NA,2,81-82,
Panida,164,Roberto Jaramillo A.,Creador,NA,Colombia,"Sobre ""Crisálidas""",6,1915,No,NA,Español,NA,Poesía,NA,NA,NA,2,82-83,
Panida,165,Becquer,Creador,NA,España,Rima,6,1915,No,NA,Español,NA,Poesía,NA,NA,NA,1,83,
Panida,166,Francis Jammes,Creador,NA,Francia,La inteligencia,6,1915,No,NA,Español,NA,Prosa Ficción,NA,NA,NA,1,84,
Panida,167,Félix Mejía Arango,Creador,C. R. Pino,Colombia,Cántiga de amistanzas de las Fijas Indias a la Madre España,6,1915,No,NA,Español,NA,Poesía,NA,J. Restrepo Rivera,NA,2,84-85,
Panida,168,José Manuel Mora,Creador,Juan Manuel Montenegro,Colombia,La abuelita,6,1915,No,NA,Español,NA,Prosa Ficción,NA,NA,NA,2,86-87,
Panida,169,León de Greiff,Creador,Juan CRISTÓBAL,Colombia,Gesta dolens,6,1915,No,NA,Español,NA,Poesía,NA,NA,NA,1,87,
Panida,170,Rafael Jaramillo Arango,Creador,Fernando Villalba,Colombia,Tankas,6,1915,No,NA,Español,NA,Poesía,NA,NA,NA,2,88-89,
Panida,171,Francisco Villa López,Creador,V. de LUSSICH,Colombia,Estancia,6,1915,No,NA,Español,NA,Poesía,NA,NA,NA,1,90,
Panida,172,Libardo Parra Toro,Creador,NA,Colombia,Rasgos,6,1915,No,NA,Español,NA,Poesía,NA,NA,NA,1,90,
Panida,173,Eduardo Vasco,Creador,Alhy CAVATINI,Colombia,Epistolario sentimental,6,1915,No,NA,Español,NA,Poesía,NA,NA,NA,1,91,
Panida,174,Teodomiro Isaza,Creador,Mosén Canijo,Colombia,Gamas,6,1915,No,NA,Español,NA,Poesía,NA,NA,NA,1,92,
Panida,175,Jorge Villa Carrasquilla,Creador,M. Carré,Colombia,Primeras paradas,6,1915,No,NA,Español,NA,Poesía,NA,NA,NA,1,92,
Panida,176,Fernando González,Creador,NA,Colombia,Meditaciones,6,1915,No,NA,Español,NA,Poesía,NA,NA,NA,1,93,
Panida,177,Francisco Villaespesa,Creador,NA,España,Toledo,6,1915,No,NA,Español,NA,Poesía,NA,NA,NA,1,94,
Panida,178,Redacción,Creador,⁂,Colombia,La caricatura,6,1915,No,NA,Español,NA,Prosa No ficción,NA,NA,NA,1,95,
Panida,179,Redacción,Creador,⁂,Colombia,NA,6,1915,No,NA,Español,NA,Prosa No ficción,NA,NA,NA,1,95,"Sobre la rima de Bequer, proveniente de la revista ""Por esos mundos"""
Panida,180,NA,Creador,NA,NA,Evaristo Carriego,6,1915,No,NA,Español,NA,Prosa No ficción,NA,NA,NA,1,95,Semblanza no firmada por la redacción
Panida,181,Vargas Vila,Creador,NA,Colombia,NA,6,1915,No,NA,Español,NA,Prosa No ficción,NA,NA,NA,2,95-96,
Panida,182,NA,NA,NA,Colombia,Osorio-Ángel Ingenieros,6,1915,No,NA,Español,NA,Publicidad,NA,NA,NA,1,NA,
Panida,183,Jesús A. Merino,NA,NA,Colombia,Salón París,6,1915,No,NA,Español,NA,Publicidad,NA,NA,NA,1,NA,
Panida,184,Antonio J. Uribe,NA,NA,Colombia,Antonio J. Uribe,6,1915,No,NA,Español,NA,Publicidad,NA,NA,NA,1,NA,
Panida,185,NA,NA,NA,Colombia,La reina,6,1915,No,NA,Español,NA,Publicidad,NA,NA,NA,1,NA,
Panida,186,NA,NA,NA,Colombia,Vino de Carne Quinado,6,1915,No,NA,Español,NA,Publicidad,NA,NA,NA,1,NA,
Panida,187,NA,NA,NA,Colombia,"Los fósforos ""Olano""",6,1915,No,NA,Español,NA,Publicidad,NA,NA,NA,1,NA,
Panida,188,L. Gómez,NA,NA,Colombia,L. Gómez Cirujano dentista,6,1915,No,NA,Español,NA,Publicidad,NA,NA,NA,1,NA,
Panida,189,Teodomiro Isaza,NA,NA,Colombia,Teodomiro Isaza,6,1915,No,NA,Español,NA,Publicidad,NA,NA,NA,1,NA,Servicios de pintura y dibujo ofrecidos por Panida [esta publicidad se repite en otros números]
Panida,190,NA,NA,NA,Colombia,Talleres de aplanchado eléctrico,6,1915,No,NA,Español,NA,Publicidad,NA,NA,NA,1,NA,
Panida,191,Eleázar Arango Ferrer / Emilio Correa U.,NA,NA,Colombia,Cemento antioqueño,6,1915,No,NA,Español,NA,Publicidad,NA,NA,NA,1,NA,
Panida,192,Daniel Posada,NA,NA,Colombia,Sastrería Francesa,6,1915,No,NA,Español,NA,Publicidad,NA,NA,NA,1,NA,
Panida,193,NA,NA,NA,Colombia,"""Panida""",7,1915,No,NA,Español,NA,Publicidad,NA,NA,NA,1,NA,
Panida,194,Ricardo Rendón,Creador,NA,Colombia,Antonio Merizalde,7,1915,No,NA,Español,NA,Imagen,NA,NA,NA,1,NA,
Panida,195,Antonio Merizalde,Creador,NA,Colombia,Canto de Esperanza,7,1915,No,NA,Español,NA,Poesía,NA,NA,NA,1,NA,
Panida,196,Andrés González Blanco,Creador,NA,España,Los poetas de América,7,1915,No,NA,Español,NA,Prosa No ficción,NA,NA,NA,2,97-98,
Panida,197,Antonio Merizalde,Creador,NA,Colombia,Versos de la noche,7,1915,No,NA,Español,NA,Poesía,NA,NA,NA,1,99,
Panida,198,Ricardo Rendón,Creador,NA,Colombia,Prólogo de los intereses creados,7,1915,No,NA,Español,NA,Imagen,NA,NA,NA,1,100,
Panida,199,Jacinto Benavente,Creador,NA,España,Prólogo de los intereses creados,7,1915,No,NA,Español,NA,Prosa No ficción,NA,NA,NA,2,100-101,
Panida,200,Ovidio Fernández Ríos,Creador,NA,Uruguay,A una vieja espada,7,1915,No,NA,Español,NA,Poesía,NA,NA,NA,1,102,
Panida,201,Libardo Parra Toro,Creador,NA,Colombia,Rasgos,7,1915,No,NA,Español,NA,Poesía,NA,NA,NA,1,102,
Panida,202,Fernando Isaza R.,Traductor,NA,Colombia,Epílogos,7,1915,No,NA,Español,NA,Reseña,NA,NA,Sonetos en prosa ,1,103,
Panida,203,Remy de Gourmont,Creador,NA,Francia,Tiene ella un cuerpo…,7,1915,No,NA,Español,NA,Poesía,NA,NA,NA,2,103-104,
Panida,204,Eduardo Vasco,Creador,Alhy CAVATINI,Colombia,Epistolario sentimental,7,1915,No,NA,Español,NA,Poesía,NA,NA,NA,2,105-106,
Panida,205,NA,Creador,Juan CRISTÓBAL,Colombia,Lied,7,1915,No,NA,Español,NA,Poesía,NA,NA,NA,1,106,
Panida,206,José Luis Restrepo J.,Creador,NA,Colombia,Ingenuas,7,1915,No,NA,Español,NA,Poesía,NA,NA,NA,1,107,
Panida,207,Teodomiro Isaza,Creador,Mosén Canijo,Colombia,Detalle,7,1915,No,NA,Español,NA,Poesía,NA,NA,NA,1,107,
Panida,208,NA,Creador,ATL,Colombia,Eva,7,1915,No,NA,Español,NA,Poesía,NA,NA,NA,1,108,
Panida,209,Fernando González,Creador,NA,Colombia,Meditaciones,7,1915,No,NA,Español,NA,Poesía,NA,NA,NA,2,108-109,
Panida,210,Aquilino Villegas,Creador,NA,Colombia,Rondel,7,1915,No,NA,Español,NA,Poesía,NA,NA,NA,1,109,
Panida,211,Rafael Jaramillo Arango,Creador,Fernando Villalba,Colombia,Canzonetta Capricciosa,7,1915,No,NA,Español,NA,Poesía,NA,NA,NA,1,110,
Panida,212,Redacción,Creador,⁂,Colombia,Antonio Merizalde,7,1915,No,NA,Español,NA,Prosa No ficción,NA,NA,NA,1,111,Semblanza
Panida,213,Redacción,Creador,⁂,Colombia,Nosotros,7,1915,No,NA,Español,NA,Prosa No ficción,NA,NA,NA,1,111,
Panida,214,Redacción,Creador,⁂,Colombia,Los intereses creados,7,1915,No,NA,Español,NA,Reseña,NA,NA,Intereses creados,2,111-112,Elogio
Panida,215,Redacción,Creador,⁂,Colombia,El poeta,7,1915,No,NA,Español,NA,Poesía,NA,NA,NA,1,112,
Panida,216,NA,NA,NA,Colombia,Osorio-Ángel Ingenieros,7,1915,No,NA,Español,NA,Publicidad,NA,NA,NA,1,NA,
Panida,217,Abraham Moreno,NA,NA,Colombia,Libros recibidos,7,1915,No,NA,Español,NA,Publicidad,NA,NA,NA,1,NA,
Panida,218,NA,NA,NA,Colombia,Vino de Carne Quinado,7,1915,No,NA,Español,NA,Publicidad,NA,NA,NA,1,NA,
Panida,219,NA,NA,NA,Colombia,"Los fósforos ""Olano""",7,1915,No,NA,Español,NA,Publicidad,NA,NA,NA,1,NA,
Panida,220,NA,NA,NA,Colombia,La reina,7,1915,No,NA,Español,NA,Publicidad,NA,NA,NA,1,NA,
Panida,221,NA,NA,NA,Colombia,"Light, more light…",7,1915,No,NA,Español,NA,Publicidad,NA,NA,NA,1,NA,Almacén de lámparas [esta publicidad se repite en otros números]
Panida,222,NA,NA,NA,Colombia,Las artes religiosas,7,1915,No,NA,Español,NA,Publicidad,NA,NA,NA,1,NA,
Panida,223,NA,NA,NA,Colombia,Almacén británico,7,1915,No,NA,Español,NA,Publicidad,NA,NA,NA,1,NA,
Panida,224,Carlos E. Rodríguez E.,NA,NA,Colombia,Fábrica de Carlos E. Rodríguez E.,7,1915,No,NA,Español,NA,Publicidad,NA,NA,NA,1,NA,Fábrica de camisas y cuellos [esta publicidad se repite en otros números]
Panida,225,Jorge Escobar,NA,NA,Colombia,Librería Restrepo,7,1915,No,NA,Español,NA,Publicidad,NA,NA,NA,1,NA,"No ofertan libros, sino cajas de regalo [esta publicidad se repite en otros números]"
Panida,226,Jorge Escobar,NA,NA,Colombia,Imprenta Editorial,7,1915,No,NA,Español,NA,Publicidad,NA,NA,NA,1,NA,
Panida,227,Antonio J. Cano,NA,NA,Colombia,Diccionario Salvat,7,1915,No,NA,Español,NA,Publicidad,NA,NA,NA,1,NA,
Panida,228,Aleodato Sandino,NA,NA,Colombia,Agua Maravillosa del Harem,7,1915,No,NA,Español,NA,Publicidad,NA,NA,NA,1,NA,
Panida,229,NA,NA,NA,Colombia,"""Panida""",8,1915,No,NA,Español,NA,Publicidad,NA,NA,NA,1,NA,
Panida,230,Andrés González Blanco,Creador,NA,Colombia,Los poetas de América,8,1915,No,NA,Español,NA,Prosa No ficción,NA,NA,NA,3,113-115,
Panida,231,J. Bayona Posada,Creador,NA,Colombia,Tu pulsera,8,1915,No,NA,Español,NA,Poesía,NA,NA,NA,1,115,
Panida,232,Félix Mejía Arango,Creador,C. R. Pino,Colombia,Pierrot,8,1915,No,NA,Español,NA,Poesía,NA,T. Isaza,NA,2,117-118,
Panida,233,Eduardo Vasco,Creador,Alhy CAVATINI,Colombia,Epistolario sentimental,8,1915,No,NA,Español,NA,Poesía,NA,NA,NA,2,118-119,
Panida,234,Rafael Jaramillo Arango,Creador,Fernando Villalba,Colombia,Del jardín de Mayo,8,1915,No,NA,Español,NA,Poesía,NA,NA,NA,1,120,
Panida,235,Paul Fort,Creador,NA,Francia,Baladas,8,1915,Sí,González Martines,Español,Francés,Poesía,NA,NA,NA,1,121,
Panida,236,Paul Fort,Creador,NA,Francia,El buen tiempo ,8,1915,Sí,González Martines,Español,Francés,Poesía,NA,NA,NA,1,121,
Panida,237,NA,Creador,Aurelio ZALDIVAR,Colombia,Todo ha muerto,8,1915,No,NA,Español,NA,Poesía,NA,Czarina,NA,1,122,
Panida,238,Fernando González,Creador,NA,Colombia,Meditaciones,8,1915,No,NA,Español,NA,Poesía,NA,NA,NA,2,123-124,
Panida,239,NA,Creador,Juan CRISTÓBAL,Colombia,Cantos de la noche,8,1915,No,NA,Español,NA,Poesía,NA,NA,NA,1,124,
Panida,240,Juan Ramón Jiménez,Creador,NA,España,Hojas verdes,8,1915,No,NA,Español,NA,Poesía,NA,NA,NA,1,125,
Panida,241,José Manuel Mora,Creador,Juan Manuel Montenegro,Colombia,Melancolía,8,1915,No,NA,Español,NA,Poesía,NA,NA,NA,2,125-126,
Panida,242,Eduardo A. Palacio,Creador,NA,España,Oro y Sangre,8,1915,No,NA,Español,NA,Poesía,NA,NA,NA,1,126,
Panida,243,Tanorede de Visan,Creador,NA,Francia,Paul Fort,8,1915,No,NA,Español,NA,Prosa No ficción,NA,NA,NA,2,127-128,Semblanza
Panida,244,Redacción,Creador,⁂,Colombia,NA,8,1915,No,NA,Español,NA,Prosa No ficción,NA,NA,NA,1,128,
Panida,245,Redacción,Creador,⁂,Colombia,CVLTVRA,8,1915,No,NA,Español,NA,Reseña de revista,NA,NA,CVLTVRA,1,128,
Panida,246,NA,NA,NA,Colombia,Osorio-Ángel Ingenieros,8,1915,No,NA,Español,NA,Publicidad,NA,NA,NA,1,NA,
Panida,247,NA,NA,NA,Colombia,El espectador,8,1915,No,NA,Español,NA,Publicidad,NA,NA,NA,1,NA,
Panida,248,NA,NA,NA,Colombia,Progreso,8,1915,No,NA,Español,NA,Publicidad,NA,NA,NA,1,NA,
Panida,249,NA,NA,NA,Colombia,El correo liberal,8,1915,No,NA,Español,NA,Publicidad,NA,NA,NA,1,NA,
Panida,250,NA,NA,NA,Colombia,Dibujo-pintura-grabado,8,1915,No,NA,Español,NA,Publicidad,NA,NA,NA,1,NA,
Panida,251,NA,NA,NA,Colombia,NA,8,1915,No,NA,Español,NA,Publicidad,NA,NA,NA,1,NA,Declaran que en Panida los anuncios valen la mitad que en el resto de publicaciones [esta publicidad se repite en otros números]
Panida,252,NA,NA,NA,Colombia,Vino de Carne Quinado,8,1915,No,NA,Español,NA,Publicidad,NA,NA,NA,1,NA,
Panida,253,NA,NA,NA,Colombia,"Los fósforos ""Olano""",8,1915,No,NA,Español,NA,Publicidad,NA,NA,NA,1,NA,
Panida,254,NA,NA,NA,Colombia,La reina,8,1915,No,NA,Español,NA,Publicidad,NA,NA,NA,1,NA,
Panida,255,Teodomiro Isaza,NA,NA,Colombia,Teodomiro Isaza,8,1915,No,NA,Español,NA,Publicidad,NA,NA,NA,1,NA,Pintura y dibujo
Panida,256,NA,NA,NA,Colombia,Almacén británico,8,1915,No,NA,Español,NA,Publicidad,NA,NA,NA,1,NA,
Panida,257,Carlos E. Rodríguez E.,NA,NA,Colombia,Fábrica de Carlos E. Rodríguez E.,8,1915,No,NA,Español,NA,Publicidad,NA,NA,NA,1,NA,
Panida,258,Jorge Escobar,NA,NA,Colombia,Librería Restrepo,8,1915,No,NA,Español,NA,Publicidad,NA,NA,NA,1,NA,
Panida,259,Jorge Escobar,NA,NA,Colombia,Imprenta Editorial,8,1915,No,NA,Español,NA,Publicidad,NA,NA,NA,1,NA,
Panida,260,Antonio J. Cano,NA,NA,Colombia,Diccionario Salvat,8,1915,No,NA,Español,NA,Publicidad,NA,NA,NA,1,NA,
Panida,261,Adeoldato Sandino,NA,NA,Colombia,Agua Maravillosa del Harem,8,1915,No,NA,Español,NA,Publicidad,NA,NA,NA,1,NA,
Panida,262,NA,NA,NA,Colombia,"""Panida""",9,1915,No,NA,Español,NA,Publicidad,NA,NA,NA,1,NA,
Panida,263,Andrés González Blanco,Creador,NA,España,Los poetas de América,9,1915,No,NA,Español,NA,Prosa No ficción,NA,NA,NA,2,129-130,
Panida,264,J. Restrepo Rivera,Creador,NA,Colombia,Dulce tristeza,9,1915,No,NA,Español,NA,Poesía,NA,NA,NA,1,131,
Panida,265,Guillermo Valencia,Creador,NA,Colombia,Mis votos,9,1915,No,NA,Español,NA,Poesía,NA,NA,NA,2,132-133,
Panida,266,Eugenio D'Ors,Creador,NA,España,Junio,9,1915,No,NA,Español,NA,Poesía,NA,NA,NA,1,134,
Panida,267,Eduardo Vasco,Creador,Alhy CAVATINI,Colombia,Rimas del alma,9,1915,No,NA,Español,NA,Poesía,NA,NA,NA,1,135,
Panida,268,Gabriel Miró,Creador,NA,Colombia,Parábola del Pino,9,1915,No,NA,Español,NA,Prosa Ficción,NA,NA,NA,3,136-138,
Panida,269,NA,Creador,Aurelio ZALDIVAR,Colombia,El alma de la hora,9,1915,No,NA,Español,NA,Poesía,NA,NA,NA,1,139,
Panida,270,Fernando González,Creador,NA,Colombia,Meditaciones,9,1915,No,NA,Español,NA,Poesía,NA,NA,NA,2,139-140,
Panida,271,José Asunción Silva,Creador,NA,Colombia,Futura,9,1915,No,NA,Español,NA,Poesía,NA,NA,NA,2,141-142,
Panida,272,Enrique Díez Canedo ,Creador,NA,Colombia,Watteau,9,1915,No,NA,Español,NA,Poesía,NA,NA,NA,1,142,
Panida,273,Santiago Rusiñol,Creador,NA,España,NA,9,1915,No,NA,Español,NA,Prosa No ficción,NA,NA,NA,1,143,
Panida,274,Redacción,Creador,⁂,Colombia,Noche serena,9,1915,No,NA,Español,NA,Poesía,NA,NA,NA,2,143-144,
Panida,275,Redacción,Creador,⁂,Colombia,José A. Silva,9,1915,No,NA,Español,NA,Prosa No ficción,NA,NA,NA,1,144,
Panida,276,NA,NA,NA,Colombia,Almacén británico,9,1915,No,NA,Español,NA,Publicidad,NA,NA,NA,1,NA,
Panida,277,Carlos E. Rodríguez E.,NA,NA,Colombia,Fábrica de Carlos E. Rodríguez E.,9,1915,No,NA,Español,NA,Publicidad,NA,NA,NA,1,NA,
Panida,278,NA,NA,NA,Colombia,Vino de Carne Quinado,9,1915,No,NA,Español,NA,Publicidad,NA,NA,NA,1,NA,
Panida,279,NA,NA,NA,Colombia,"Los fósforos ""Olano""",9,1915,No,NA,Español,NA,Publicidad,NA,NA,NA,1,NA,
Panida,280,NA,NA,NA,Colombia,La reina,9,1915,No,NA,Español,NA,Publicidad,NA,NA,NA,1,NA,
Panida,281,NA,NA,NA,Colombia,"Light, more light…",9,1915,No,NA,Español,NA,Publicidad,NA,NA,NA,1,NA,
Panida,282,NA,NA,NA,Colombia,Las artes religiosas,9,1915,No,NA,Español,NA,Publicidad,NA,NA,NA,1,NA,
Panida,283,NA,NA,NA,Colombia,Osorio-Ángel Ingenieros,9,1915,No,NA,Español,NA,Publicidad,NA,NA,NA,1,NA,
Panida,284,NA,NA,NA,Colombia,Estudio y montaje de plantas eléctricas,9,1915,No,NA,Español,NA,Publicidad,NA,NA,NA,1,NA,
Panida,285,NA,NA,NA,Colombia,El espectador,9,1915,No,NA,Español,NA,Publicidad,NA,NA,NA,1,NA,
Panida,286,NA,NA,NA,Colombia,Progreso,9,1915,No,NA,Español,NA,Publicidad,NA,NA,NA,1,NA,
Panida,287,NA,NA,NA,Colombia,El correo liberal,9,1915,No,NA,Español,NA,Publicidad,NA,NA,NA,1,NA,
Panida,288,NA,NA,NA,Colombia,Dibujo-pintura-grabado,9,1915,No,NA,Español,NA,Publicidad,NA,NA,NA,1,NA,
Panida,289,NA,NA,NA,Colombia,NA,9,1915,No,NA,Español,NA,Publicidad,NA,NA,NA,1,NA,
Panida,290,NA,NA,NA,Colombia,Vino de Carne Quinado,9,1915,No,NA,Español,NA,Publicidad,NA,NA,NA,1,NA,
Panida,291,NA,NA,NA,Colombia,"Los fósforos ""Olano""",9,1915,No,NA,Español,NA,Publicidad,NA,NA,NA,1,NA,
Panida,292,NA,NA,NA,Colombia,La reina,9,1915,No,NA,Español,NA,Publicidad,NA,NA,NA,1,NA,
Panida,293,NA,NA,NA,Colombia,Teodomiro Isaza,9,1915,No,NA,Español,NA,Publicidad,NA,NA,NA,1,NA,Dibujo y pintura [esta publicidad se repite en otros números]
Panida,294,NA,NA,NA,Colombia,Almacén británico,9,1915,No,NA,Español,NA,Publicidad,NA,NA,NA,1,NA,
Panida,295,Carlos E. Rodríguez E.,NA,NA,Colombia,Fábrica de Carlos E. Rodríguez E.,9,1915,No,NA,Español,NA,Publicidad,NA,NA,NA,1,NA,
Panida,296,Jorge Escobar,NA,NA,Colombia,Librería Restrepo,9,1915,No,NA,Español,NA,Publicidad,NA,NA,NA,1,NA,
Panida,297,Jorge Escobar,NA,NA,Colombia,Imprenta Editorial,9,1915,No,NA,Español,NA,Publicidad,NA,NA,NA,1,NA,
Panida,298,Antonio J. Cano,NA,NA,Colombia,Diccionario Salvat,9,1915,No,NA,Español,NA,Publicidad,NA,NA,NA,1,NA,
Panida,299,Adeoldato Sandino,NA,NA,Colombia,Agua Maravillosa del Harem,9,1915,No,NA,Español,NA,Publicidad,NA,NA,NA,1,NA,
Panida,300,Jacinto Benavente,Creador,NA,España,La senda del amor,10,1915,No,NA,Español,NA,Teatro,NA,NA,NA,4,145-148,
Panida,301,Félix Mejía Arango,Creador,C. R. Pino,Colombia,Allá en el cielo,10,1915,No,NA,Español,NA,Poesía,NA,NA,NA,1,148,
Panida,302,Gustavo Mejía,Creador,NA,Colombia,Las canciones del recuerdo,10,1915,No,NA,Español,NA,Poesía,NA,NA,NA,1,149,
Panida,303,Libardo Parra Toro,Creador,NA,Colombia,De gitanería,10,1915,No,NA,Español,NA,Poesía,NA,NA,NA,1,150,
Panida,304,Fernando González,Creador,Juan Matías,Colombia,Desde mi tinglado,10,1915,No,NA,Español,NA,Prosa No ficción,NA,NA,NA,1,151-152,
Panida,305,Ricardo Rendón,Creador,Daniel ZEGRI,Colombia,Soneto,10,1915,No,NA,Español,NA,Poesía,NA,NA,NA,1,153,
Panida,306,Rubén Darío,Creador,NA,Nicaragua,Dream,10,1915,No,NA,Español,NA,Poesía,NA,NA,NA,1,154,
Panida,307,Tomás Márquez,Creador,NA,Colombia,La cartera de Andrés,10,1915,No,NA,Español,NA,Prosa Ficción,NA,NA,NA,1,155,
Panida,308,E. Marquina,Creador,NA,España,Elegía,10,1915,No,NA,Español,NA,Poesía,NA,NA,NA,1,156,
Panida,309,Eduardo Vasco,Creador,Alhy CAVATINI,Colombia,Versos a Magda,10,1915,No,NA,Español,NA,Poesía,NA,NA,NA,1,157,
Panida,310,Rubén Darío,Creador,NA,Nicaragua,Caupolican,10,1915,No,NA,Español,NA,Poesía,NA,NA,NA,1,158,
Panida,311,Rubén Darío,Creador,NA,Nicaragua,Margarita,10,1915,No,NA,Español,NA,Poesía,NA,NA,NA,1,158,
Panida,312,Azorín,Creador,NA,España,NA,10,1915,No,NA,Español,NA,Prosa No ficción,NA,NA,NA,1,159,
Panida,313,Redacción,Creador,⁂,Colombia,La nueva edición de las obras de Rubén Darío,10,1915,No,NA,Español,NA,Reseña,NA,NA,"Muy siglo XVIII; Muy antiguo y muy moderno; Audaz, cosmopolita; Una sed de ilusiones infinita; Canto a la Argentina.",2,158-159,
Panida,314,Redacción,Creador,⁂,Colombia,Revista,10,1915,No,NA,Español,NA,Reseña de revista,NA,NA,Cultura; Revista moderna; Alpha; Lauros; La Pluma; Alianza; Alma nueva.,1,160,
Panida,315,Redacción,Creador,⁂,Colombia,NA,10,1915,No,NA,Español,NA,Prosa No ficción,NA,NA,NA,1,160,
Panida,316,NA,NA,NA,Colombia,"""Panida""",10,1915,No,NA,Español,NA,Publicidad,NA,NA,NA,1,NA,
