Nombre de la revista,Número de la contribución,Autor de la contribución,Roles,Seudónimo / Abreviatura del nombre,País de origen,Título de la contribución,Número del fascículo,Fecha de publicación,Traducción,Traductor,Lengua en la que aparece en la revista,Lengua original [si es traducción],Tipo de contribución [Género según investigador],Tipo de contribución según la revista,Dedicatoria,Obras reseñadas [solo se indica para el caso de las reseñas],Cantidad de páginas,Paginación,Comentarios,Información sobre nacionalidad
Revista Contemporánea,1,"Sanín Cano, Baldomero",Editor,NA,Colombia,Porvenir del Castellano,1,Octubre de 1904,No,NA,Español,NA,Prosa No ficción,NA,NA,NA,17.3,1--18,NA,
Revista Contemporánea,,Anónimo,Ilustrador,NA,NA,NA,1,Octubre de 1904,No,NA,NA,NA,Imagen,NA,NA,NA,0.2,18,NA,
Revista Contemporánea,,Anónimo,Ilustrador,NA,NA,NA,1,Octubre de 1904,No,NA,NA,NA,Imagen,NA,NA,NA,0.2,19,NA,
Revista Contemporánea,,"Valencia, Francisco",Creador,Pacho Valencia,Colombia,Sugestiones,1,Octubre de 1904,No,NA,Español,NA,Poesía,NA,NA,NA,2.7,19-21,NA,
Revista Contemporánea,,Anónimo,Ilustrador,NA,NA,NA,1,Octubre de 1904,No,NA,NA,NA,Imagen,NA,NA,NA,0.1,21,NA,
Revista Contemporánea,,"Uribe, Diego",Creador,NA,Colombia,Paseo nocturno,1,Octubre de 1904,No,NA,Español,NA,Poesía,NA,"Cuervo, Emilio",NA,2.4,22-24,NA,
Revista Contemporánea,,Anónimo,Ilustrador,NA,NA,NA,1,Octubre de 1904,No,NA,NA,NA,Imagen,NA,NA,NA,0.2,25,NA,
Revista Contemporánea,,"Gaitán O, Gustavo",Creador,NA,NA,Lucha suprema. Fragmento de un diario,1,Octubre de 1904,No,NA,Español,NA,Prosa Ficción,Fragmento,NA,NA,21.3,25-47,NA,
Revista Contemporánea,,Anónimo,Ilustrador,NA,NA,NA,1,Octubre de 1904,No,NA,NA,NA,Imagen,NA,NA,NA,0.5,47,NA,
Revista Contemporánea,,Anónimo,Ilustrador,NA,NA,NA,1,Octubre de 1904,No,NA,NA,NA,Imagen,NA,NA,NA,0.3,48,NA,
Revista Contemporánea,,"Valencia, G.",Creador,NA,Colombia,Nihil,1,Octubre de 1904,No,NA,Español,NA,Poesía,NA,NA,NA,0.7,48,NA,
Revista Contemporánea,,"López, Ismael",Creador,Cornelio Hispanio,Colombia,El atleta,1,Octubre de 1904,No,NA,Español,NA,Poesía,NA,NA,NA,1,49,NA,
Revista Contemporánea,,"Bengoechea, Alfredo De ",Creador,NA,Colombia,Vieilles Tristesses,1,Octubre de 1904,No,NA,Francés,NA,Poesía,NA,"Régnier, Henri de ",NA,2,50-51,Este autor colombiano adoptó la lengua francesa como medio de expresión al igula que Heredia. ,"file:///C:/Users/PC/Documents/Doctorado/Informaci%C3%B3n%20sobre%20autores%20en%20mis%20revistas/Bengoechea,.pdf"
Revista Contemporánea,,Anónimo,Ilustrador,NA,NA,NA,1,Octubre de 1904,No,NA,NA,NA,Imagen,NA,NA,NA,0.3,52,NA,
Revista Contemporánea,,"Hinestroza Daza, Ricardo",Crítico,NA,Colombia,"""Emociones de la guerra""",1,Octubre de 1904,No,NA,Español,NA,Prosa No ficción,NA,NA,NA,33.2,52-86,"Este texto inicia con un epígrafe en francés e incluye, así mismo, varias citas en Francés. ",
Revista Contemporánea,,Anónimo,Ilustrador,NA,NA,NA,1,Octubre de 1904,No,NA,NA,NA,Imagen,NA,NA,NA,0.5,86,NA,
Revista Contemporánea,,Anónimo,Reseñista,NA,NA,Cartas de un oficial chino,1,Octubre de 1904,No,NA,Español,NA,Reseña,Notas,NA,Cartas de un oficial chino,2.6,87-89,NA,
Revista Contemporánea,,Anónimo,Reseñista,NA,NA,Inocencia,1,Octubre de 1904,No,NA,Español,NA,Reseña,Notas,NA,Inocencia de Francisco de Paula Rendón,2.4,89-91,NA,
Revista Contemporánea,,"D'Oribe, R.",Reseñista,NA,Colombia,Les Arte de la Vie,1,Octubre de 1904,No,NA,Español,NA,Reseña de revista,Notas,NA,Les Arte de la Vie,3.5,92-95,"Reseña de revista francesa: transferencia internacional a través de la promoción de los textos de una revista fracesa de los que hacen comentarios. Esto  muestra que tenían acceso a dicah revista. La pregunta es, quién era la persona que los proveía de estas revistas?",
Revista Contemporánea,,"D'Oribe, R.",Reseñista,NA,Colombia,Revue Des Idées,1,Octubre de 1904,No,NA,Español,NA,Reseña de revista,Notas,NA,Revue Des Idées,0.7,95-96,Reseña de revista francesa: en esta se confirman la recepción de la revista. Transferencia internacional directa.,
Revista Contemporánea,,"D'Oribe, R.",Reseñista,NA,Colombia,Helios,1,Octubre de 1904,No,NA,Español,NA,Reseña de revista,Notas,NA,Helios (de Madrid),1.8,96-97,"Reseña de la revista Helios de Madrid: aquí resaltan que esta revista haya publicado los poemas de Bengoechea en Francés, al igual que ellos. ",
Revista Contemporánea,,"Grillo, Maximiliano",Creador,Max Grillo,Colombia,Literaturas en decadencia,2,Noviembre de 1904,No,NA,Español,NA,Prosa No ficción,NA,NA,NA,20.5,98-119,"Tiene un epígrafe de Remy de Gourmont. Funerales del estilo. Mercure, XI, 1902. Menciona, posiblemente de dónde lo ha sacado, Esto muestra que tenía acceso al Mercure.",
Revista Contemporánea,,Anónimo,Ilustrador,NA,NA,NA,2,Noviembre de 1904,No,NA,NA,NA,Imagen,NA,NA,NA,0.5,119,NA,
Revista Contemporánea,,Anónimo,Ilustrador,NA,NA,NA,2,Noviembre de 1904,No,NA,NA,NA,Imagen,NA,NA,NA,0.3,120,NA,
Revista Contemporánea,,"D'Annunzio, Gabriele",Creador,NA,Italia,Mujeres,2,Noviembre de 1904,Sí,"Valencia, Guillermo",Español,Italiano,Poesía,NA,NA,NA,1.7,120-121,Traducción del libro Laus Vitae,
Revista Contemporánea,,"D'Annunzio, Gabriele",Creador,NA,Italia,Le Donne,2,Noviembre de 1904,No,NA,Italiano,NA,Poesía,NA,NA,NA,1.7,122-123,"""A fin de que los lectores puedan entenden apreciar mejor la fidelidad inteligente de esta versión, se publica en seguida el original de ella"" Nota del Redactor. En esta nota y la publicación de este texto hay una idea explicita sobre la traducción. Además de ello hay una dinámica de transferencia desde el texto traducido, pero también desde el original. Esto denota el tipo de lector al que estaba dirigido la revista. ",
Revista Contemporánea,,Anónimo,Ilustrador,NA,NA,NA,2,Noviembre de 1904,No,NA,NA,NA,Imagen,NA,NA,NA,0.3,123,NA,
Revista Contemporánea,,Anónimo,Ilustrador,NA,NA,NA,2,Noviembre de 1904,No,NA,NA,NA,Imagen,NA,NA,NA,0.3,124,NA,
Revista Contemporánea,,"García Ortiz, Laureano",Creador,NA,Colombia,Fantasía de un bibliófilo,2,Noviembre de 1904,No,NA,Español,NA,Prosa Ficción,NA,NA,NA,15.7,124-140,NA,
Revista Contemporánea,,Anónimo,Ilustrador,NA,NA,NA,2,Noviembre de 1904,No,NA,NA,NA,Imagen,NA,NA,NA,0.1,141,NA,
Revista Contemporánea,,"Gómez Restrepo, Antonio",Creador,NA,Colombia,El bautismo de pisa,2,Noviembre de 1904,No,NA,Español,NA,Poesía,NA,"Uribe, Diego",NA,0.9,141,NA,
Revista Contemporánea,,Anónimo,Ilustrador,NA,NA,NA,2,Noviembre de 1904,No,NA,NA,NA,Imagen,NA,NA,NA,0.1,142,NA,
Revista Contemporánea,,"Gómez Restrepo, Antonio",Creador,NA,Colombia,Santa Cecilia,2,Noviembre de 1904,No,NA,Español,NA,Poesía,NA,NA,NA,0.9,142,NA,
Revista Contemporánea,,Anónimo,Ilustrador,NA,NA,NA,2,Noviembre de 1904,No,NA,NA,NA,Imagen,NA,NA,NA,0.1,173,NA,
Revista Contemporánea,,"Carvajal, M.A.",Creador,NA,Colombia,Simbolismos de la floresta. I. El lirio,2,Noviembre de 1904,No,NA,Español,NA,Poesía,NA,NA,NA,0.9,143,NA,
Revista Contemporánea,,"Carvajal, M.A.",Creador,NA,Colombia,Simbolismos de lafloresta. II. Orquidea solitaria,2,Noviembre de 1904,No,NA,Español,NA,Poesía,NA,NA,NA,1,144,NA,
Revista Contemporánea,,Anónimo,Creador,NA,NA,El impresionismo en Bogotá,2,Noviembre de 1904,No,NA,Español,NA,Prosa No ficción,NA,NA,NA,10.5,1445-156,NA,
Revista Contemporánea,,Anónimo,Ilustrador,NA,NA,NA,2,Noviembre de 1904,No,NA,NA,NA,Imagen,NA,NA,NA,0.5,156,Esta imagen ha aparecido anteriormente. Verificar en qué paginas,
Revista Contemporánea,,Anónimo,Reseñista,R.H.D.,NA,La Revue des Idees,2,Noviembre de 1904,No,NA,Español,NA,Reseña de revista,Notas,NA,La Revue des Idees (revista de parisina),15.3,157-173,"Transferencias: en este texto se resumen los artículos de la Revue Des Idees. Esto da cuenta, primero del acceso a la revista. Segundo del conocimiento del idioma. Tercero de los textos que quieren presentar (para tener clara esta idea tengo que leer el texto completo)",
Revista Contemporánea,,Anónimo,Creador,NA,NA,Los japoneses juzgados por un americano,2,Noviembre de 1904,Sí,NA,Español,Inglés,Prosa No ficción,Notas,NA,NA,1.4,174-175,"Nota del editor ""Extractado de The Two Pacifics del Booklovers Magasine"" Buscar este periódico o revista para revisar el texto",
Revista Contemporánea,,Anónimo,Reseñista,NA,NA,Ideas,2,Noviembre de 1904,No,NA,Español,NA,Reseña de revista,Notas,NA,Ideas (Revista mensual argentina),0.5,175-176,NA,
Revista Contemporánea,,"Rojas, Julio A",Creador,NA,NA,El alma de la raza,2,Noviembre de 1904,No,NA,Español,NA,Prosa Ficción,Notas,NA,NA,1.3,176-177,NA,
Revista Contemporánea,,Anónimo,Creador,NA,NA,Degeneración,2,Noviembre de 1904,No,NA,Español,NA,Prosa No ficción,Notas,NA,NA,2.5,177-179,NA,
Revista Contemporánea,,Anónimo,Reseñista,NA,NA,Harpas en el silencio,2,Noviembre de 1904,No,NA,Español,NA,Reseña,Notas,NA,Harpas en el silencio de Eugenio Díaz Romero,1,180,Transfrencia: Promoción y recomendación de autores,
Revista Contemporánea,,"Díaz Romero, Eugenio",Creador,NA,Argentina,Doliente,2,Noviembre de 1904,No,NA,Español,NA,Poesía,Notas,NA,NA,0.5,181,Este es un poema del libro de Eugenio Díaz Romero que promocionan. Transferencia directa a través de la promoción de autores de otras latitudes,
Revista Contemporánea,,"Heredia, Francisco de ",Creador,Adarme,Colombia,Opiniones del Bachiller Niemand,2,Noviembre de 1904,No,NA,Español,NA,Prosa No ficción,Notas,NA,NA,4.8,181-186,NA,
Revista Contemporánea,,Anónimo,Creador,NA,NA,Salve,2,Noviembre de 1904,No,NA,Español,NA,Prosa No ficción,Notas,NA,NA,0.7,186,NA,
Revista Contemporánea,,Anónimo,Creador,NA,NA,NA,2,Noviembre de 1904,No,NA,Español,NA,Prosa No ficción,Notas,NA,NA,0.3,187,Nota de Rafael Reyes en el que saluda a los directores de la revista,
Revista Contemporánea,,La redacción,Creador,NA,NA,NA,2,Noviembre de 1904,No,NA,Español,NA,Prosa No ficción,Notas,NA,NA,0.3,187,Justificación de la publicación de la nota anterior. Reconocimiento,
Revista Contemporánea,,"Sanín Cano, Baldomero",Editor,B.S.C.,Colombia,Tierras lejanas,2,Noviembre de 1904,No,NA,Español,NA,Reseña,Notas,NA,Tierras Lejanas de Emilio Cuervo Márquez,3,187-190,NA,
Revista Contemporánea,,Anónimo,Reseñista,NA,NA,pequeña ópera Lírica,2,Noviembre de 1904,No,NA,Español,NA,Reseña,Notas,NA,Pequeña Ópera Lírica de Rufino Blanco Fombona,2.2,190-192,Transfrencia: Promoción y recomendación de autores,
Revista Contemporánea,,Anónimo,Creador,NA,NA,Guillermo Valencia,2,Noviembre de 1904,No,NA,Español,NA,Prosa No ficción,Notas,NA,NA,0.2,192,Nota resaltando la traducción de Guillermo Valerncua (Le Donna) que publicaron en este número,
Revista Contemporánea,,"Sanín Cano, Baldomero",Editor,NA,Colombia,Revista Contemporánea. Publicación mensual,3,Diciembre de 1904,No,NA,Español,NA,Prosa No ficción,NA,NA,NA,2,NA,Información e índice de la revista,
Revista Contemporánea,,"Sanín Cano, Baldomero",Editor,NA,Colombia,Pérez Triana. Escritor inglés,3,Diciembre de 1904,No,NA,Español,NA,Prosa No ficción,NA,NA,NA,5,193-197,NA,
Revista Contemporánea,,Anónimo,Ilustrador,NA,NA,NA,3,Diciembre de 1904,No,NA,NA,NA,Imagen,NA,NA,NA,0.2,198,NA,
Revista Contemporánea,,"Grillo, Maximiliano",Creador,Max Grillo,Colombia,Sol lejano,3,Diciembre de 1904,No,NA,Español,NA,Poesía,NA,NA,NA,0.8,198,NA,
Revista Contemporánea,,"Prudhomme, Sully",Creador,NA,Francia,Ici-Bas,3,Diciembre de 1904,Sí,"Grillo, Maximiliano",Español,Francés,Poesía,NA,NA,NA,1,199,NA,
Revista Contemporánea,,"Arce, Julio César",Creador,NA,Colombia,Opacidades,3,Diciembre de 1904,No,NA,Español,NA,Poesía,NA,NA,NA,1,200,NA,
Revista Contemporánea,,"Samper, Emilio",Creador,NA,NA,Stéphaner Mallarmé,3,Diciembre de 1904,No,NA,Español,NA,Prosa No ficción,NA,NA,NA,6,201-206,NA,
Revista Contemporánea,,"Pereira Gamba, Fortunato",Creador,NA,Colombia,Minas de esmeralda en Colombia,3,Diciembre de 1904,No,NA,Español,NA,Prosa No ficción,Capítulo de libro,NA,NA,5.5,207-213,NA,
Revista Contemporánea,,Anónimo,Ilustrador,NA,NA,NA,3,Diciembre de 1904,No,NA,NA,NA,Imagen,NA,NA,NA,0.5,213,NA,
Revista Contemporánea,,"Acosta, Javier",Creador,NA,Colombia,Leopoldo Lugones,3,Diciembre de 1904,No,NA,Español,NA,Prosa No ficción,NA,NA,NA,7.5,214-222,Transferencias: análisis sobre el discurso de Lugones sobre Zolá y uno de sus libros de poesía,
Revista Contemporánea,,Anónimo,Ilustrador,NA,NA,NA,3,Diciembre de 1904,No,NA,NA,NA,Imagen,NA,NA,NA,0.5,222,NA,
Revista Contemporánea,,Anónimo,Ilustrador,NA,NA,NA,3,Diciembre de 1904,No,NA,NA,NA,Imagen,NA,NA,NA,0.5,223,NA,
Revista Contemporánea,,"Ortega, Alfredo",Creador,NA,NA,La arquitectura de Bogotá,3,Diciembre de 1904,No,NA,Español,NA,Prosa No ficción,NA,NA,NA,12.5,223-236,NA,
Revista Contemporánea,,Anónimo,Ilustrador,NA,NA,NA,3,Diciembre de 1904,No,NA,NA,NA,Imagen,NA,NA,NA,0.5,236,NA,
Revista Contemporánea,,"Valencia, Francisco",Creador,Pacho Valencia,Colombia,La visión de los Helenos,3,Diciembre de 1904,No,NA,Español,NA,Poesía,NA,NA,NA,1.5,237-238,NA,
Revista Contemporánea,,Anónimo,Ilustrador,NA,NA,NA,3,Diciembre de 1904,No,NA,NA,NA,Imagen,NA,NA,NA,0.5,238,NA,
Revista Contemporánea,,"Valencia, Francisco",Creador,NA,NA,Dualidad,3,Diciembre de 1904,No,NA,Español,NA,Poesía,NA,"Echeverría, Eduardo",NA,1,239,NA,
Revista Contemporánea,,"López, Ismael",Creador,Cornelio Hispanio,Colombia,Himno a la paz,3,Diciembre de 1904,No,NA,Español,NA,Poesía,NA,NA,NA,1.5,240-241,NA,
Revista Contemporánea,,Anónimo,Ilustrador,NA,NA,NA,3,Diciembre de 1904,No,NA,NA,NA,Imagen,NA,NA,NA,0.5,241,NA,
Revista Contemporánea,,Anónimo,Ilustrador,NA,NA,NA,3,Diciembre de 1904,No,NA,NA,NA,Imagen,NA,NA,NA,0.5,242,NA,
Revista Contemporánea,,"Schwob, Marcel",Creador,NA,Francia,La Cruzada de los niños. Relación del Goliard,3,Diciembre de 1904,Sí,NA,Español,Francés,Prosa Ficción,NA,NA,NA,2.5,242-244,Transferencias: Traducción del escritor francés simbolista,
Revista Contemporánea,,"Schwob, Marcel",Creador,NA,Francia,la Cruzada de los niños. Relación del leproso,3,Diciembre de 1904,Sí,NA,Español,Francés,Prosa Ficción,NA,NA,NA,2.7,245-247,Transferencias: Traducción del escritor francés simbolista,
Revista Contemporánea,,"Schwob, Marcel",Creador,NA,Francia,La Cruzada de los niños. Relación del papa inocencio III,3,Diciembre de 1904,Sí,NA,Español,Francés,Prosa Ficción,NA,NA,NA,4.6,247-252,Transferencias: Traducción del escritor francés simbolista,
Revista Contemporánea,,"Schwob, Marcel",Creador,NA,Francia,La Cruzada de los niños. Relación de tres niñitos,3,Diciembre de 1904,Sí,NA,Español,Francés,Prosa Ficción,NA,NA,NA,2.2,252-254,Transferencias: Traducción del escritor francés simbolista,
Revista Contemporánea,,"Schwob, Marcel",Creador,NA,Francia,"La Cruzada de los niños. Relación de Francisco Longuejoue,",3,Diciembre de 1904,Sí,NA,Español,Francés,Prosa Ficción,NA,NA,NA,1.7,254-256,Transferencias: Traducción del escritor francés simbolista,
Revista Contemporánea,,"Schwob, Marcel",Creador,NA,Francia,La Cruzada de los niños. Relación del Kalandar,3,Diciembre de 1904,Sí,NA,Español,Francés,Prosa Ficción,NA,NA,NA,2.6,256-259,Transferencias: Traducción del escritor francés simbolista,
Revista Contemporánea,,"Schwob, Marcel",Creador,NA,Francia,La Cruzada de los niños. Relación de la pequeña Alicia,3,Diciembre de 1904,Sí,NA,Español,Francés,Prosa Ficción,NA,NA,NA,1.4,259-260,Transferencias: Traducción del escritor francés simbolista,
Revista Contemporánea,,"Schwob, Marcel",Creador,NA,Francia,La Cruzada de los niños. Relación de papa Gregorio IX,3,Diciembre de 1904,Sí,NA,Español,Francés,Prosa Ficción,NA,NA,NA,3.8,260-264,Transferencias: Traducción del escritor francés simbolista,
Revista Contemporánea,,Anónimo,Ilustrador,NA,NA,NA,3,Diciembre de 1904,No,NA,NA,NA,Imagen,NA,NA,NA,0.5,264,NA,
Revista Contemporánea,,Anónimo,Creador,NA,NA,Notas,3,Diciembre de 1904,No,NA,Español,NA,Prosa No ficción,Notas,NA,NA,3,265-267,NA,
Revista Contemporánea,,Anónimo,Reseñista,NA,NA,La Revista Franciscana de Colombia,3,Diciembre de 1904,No,NA,Español,NA,Reseña de revista,Notas,NA,La Revista Franciscana de Colombia,1.3,268-269,Transferencia local: reseña de revista y comentario sobre la ideología de esta,
Revista Contemporánea,,Anónimo,Creador,NA,NA,El plagio en el Japón,3,Diciembre de 1904,No,NA,Español,NA,Prosa No ficción,Notas,NA,NA,2.3,269-271,Transferencias: comentario sobre un artículo de una revistas extranjera en la que se habla de la literatura japonesa,
Revista Contemporánea,,Anónimo,Creador,NA,NA,Matices,3,Diciembre de 1904,No,NA,Español,NA,Prosa No ficción,Notas,NA,NA,1.8,271-273,Transferencia: Comentario sobre la literatura chilena,
Revista Contemporánea,,Anónimo,Creador,M.G.,NA,Homenajes a Isaacs,3,Diciembre de 1904,No,NA,Español,NA,Prosa No ficción,Notas,NA,NA,2,273-275,NA,
Revista Contemporánea,,Anónimo,Creador,NA,NA,Intelligere,3,Diciembre de 1904,No,NA,Español,NA,Prosa No ficción,Notas,NA,NA,1.4,275-276,NA,
Revista Contemporánea,,"Londoño, Víctor Manuel",Reseñista,V.M.L.,Colombia,NA,3,Diciembre de 1904,No,NA,Español,NA,Prosa No ficción,Notas,NA,Del mar á la montaña de Diego Dublé Urrutia,3.3,276-279,Transferencias: reseña de libro de autor chileno,
Revista Contemporánea,,Anónimo,Creador,NA,NA,Alfred Austin,3,Diciembre de 1904,Sí,NA,Español,Inglés,Prosa No ficción,Notas,NA,NA,4.7,280-285,"Transferencia: comentario sobre los artículos del a entrega de noviembre de la Revista inglesa ""The Critic"" especialmente de Alfred Austin, pero también de otros autores",
Revista Contemporánea,,Anónimo,Creador,NA,NA,Revistas Colombianas. La Miscelánea,3,Diciembre de 1904,No,NA,Español,NA,Prosa No ficción,Revistas Colombianas,NA,NA,0.3,285,"Transferencia local: publicación del índice de la Miscelánea, Año VII, entrega 3 y 4",
Revista Contemporánea,,Anónimo,Creador,NA,NA,Revistas Colombianas. Lectura Amena,3,Diciembre de 1904,No,NA,Español,NA,Prosa No ficción,Revistas Colombianas,NA,NA,0.3,286,Transferecia local: índice de uno de los números de Lectura Amena,
Revista Contemporánea,,Anónimo,Creador,NA,NA,Revistas Colombianas. Revsta Nueva (Manizales),3,Diciembre de 1904,No,NA,Español,NA,Prosa No ficción,Revistas Colombianas,NA,NA,0.4,286,Transferencia local: índice de la Revista Nueva (Manizales) entregas 9 y 10,
Revista Contemporánea,,Anónimo,Creador,NA,NA,Revistas Colombianas. El Escolar Colombiano (Bogotá),3,Diciembre de 1904,No,NA,Español,NA,Prosa No ficción,Revistas Colombianas,NA,NA,0.3,286,"Transferencis local: índice de la revista El Escolar Colombiano (Bogotá), números 43 y 44",
Revista Contemporánea,,Anónimo,Creador,NA,NA,Rondinelle Pellegrine,3,Diciembre de 1904,No,NA,Español,NA,Prosa No ficción,NA,NA,NA,0.6,287,NA,
Revista Contemporánea,,"Schafi, Mirza",Creador,NA,Azerbaiyán,Mirza Schaffy,3,Diciembre de 1904,Sí,NA,Español,Inglés (traducción de la traducción de Fitzgerald),Prosa Ficción,NA,NA,NA,1.4,287-288,Transferecia: Traducción de algunas estrofas de Mirza Schaffy de la traducción de Fitzgerald,
Revista Contemporánea,,Anónimo,Creador,NA,NA,NA,3,Diciembre de 1904,No,NA,Español,NA,Publicidad,NA,NA,NA,2,NA,"Transferencia: promoción de librerias , casas editoriales, y el libro: Notas de Viaje de Salvador Camacho Roldán, de laedición hecha en París",
Revista Contemporánea,,"Sanín Cano, Baldomero",Editor,NA,Colombia,Revista Contemporánea. Publicación mensual,1 vol II,Abril de 1905,No,NA,Español,NA,Prosa No ficción,NA,NA,NA,2,NA,Información e índice de la revista,
Revista Contemporánea,,"Posada, Eduardo",Creador,NA,Colombia,Palacio Virreinal,1 vol II,Abril de 1905,No,NA,Español,NA,Prosa No ficción,NA,NA,NA,16,1--16,"En este número inicia de nuevo. Con número 1 vol II.  Inicia con este texto, pero al parecer es la continuación de otro. Ese número no lo he encontrado aún",
Revista Contemporánea,,"Martínez Sierra, Gregorio",Creador,NA,España,La humilde verdad,1 vol II,Abril de 1905,No,NA,Español,NA,Prosa Ficción,Fragmento de novela,NA,NA,15,17-31,Transferrencias: promoción de autores de obras de autores de otras latitudes,
Revista Contemporánea,,"Grillo, Maximiliano",Creador,M.G.,NA,Psicología del impresionismo,1 vol II,Abril de 1905,No,NA,Español,NA,Prosa No ficción,NA,NA,NA,4.5,32-37,NA,
Revista Contemporánea,,Anónimo,Ilustrador,NA,NA,NA,1 vol II,Abril de 1905,No,NA,NA,NA,Imagen,NA,NA,NA,0.5,37,NA,
Revista Contemporánea,,Anónimo,Ilustrador,NA,NA,NA,1 vol II,Abril de 1905,No,NA,NA,NA,Imagen,NA,NA,NA,0.3,38,NA,
Revista Contemporánea,,"Sánchez, Alberto",Creador,NA,Colombia,Armonía véspera. El espíritu de las lilas de agua,1 vol II,Abril de 1905,No,NA,Español,NA,Poesía,NA,NA,NA,0.7,38,NA,
Revista Contemporánea,,"García Calvo, Federico ",Creador,F.G.C.,España,Lombroso y el espiritismo,1 vol II,Abril de 1905,No,NA,Español,NA,Prosa No ficción,NA,NA,NA,7.5,39-46,Transferencia: (crítica) análisis del libro de Lombrosio,
Revista Contemporánea,,Anónimo,Ilustrador,NA,NA,NA,1 vol II,Abril de 1905,No,NA,NA,NA,Imagen,NA,NA,NA,0.5,46,NA,
Revista Contemporánea,,"Gómez Jaime, Alfredo",Creador,NA,Colombia,Sueño blanco,1 vol II,Abril de 1905,No,NA,Español,NA,Poesía,NA,NA,NA,2.5,47-49,NA,
Revista Contemporánea,,Anónimo,Ilustrador,NA,NA,NA,1 vol II,Abril de 1905,No,NA,NA,NA,Imagen,NA,NA,NA,0.5,49,NA,
Revista Contemporánea,,"Manrique, Juan E",Creador,NA,NA,Discurso de apertura,1 vol II,Abril de 1905,No,NA,Español,NA,Prosa No ficción,Discurso,NA,NA,10,50-60,NA,
Revista Contemporánea,,"Toudouze, Georges-Gustave ",Creador,NA,Francia,"Las tres rivales del mediterraneo occidental. (Marsella, Génova, Barcelona)",1 vol II,Abril de 1905,Sí,NA,Español,Francés,Prosa Ficción,NA,NA,NA,12,61-73,Transferencia: traducción,
Revista Contemporánea,,"Sanín Cano, Baldomero",Director,NA,Colombia,Tierra baja,1 vol II,Abril de 1905,No,NA,Español,NA,Prosa No ficción,Notas,NA,NA,2.5,74-76,Transferencias: comentario sobre la obra de teatro ,
Revista Contemporánea,,Anónimo,Reseñista,NA,NA,Revista del Colegio Mayor de Nuestra Señora del Rosario,1 vol II,Abril de 1905,No,NA,Español,NA,Reseña de revista,Notas,NA,Revista del Colegio Mayor de Nuestra Señora del Rosario,2.5,76-78,Transferencias local: reseña de revista,
Revista Contemporánea,,"Grillo, Maximiliano",Creador,NA,NA,Santo Tomás y Averroes,1 vol II,Abril de 1905,No,NA,Español,NA,Prosa No ficción,Notas,NA,NA,3,79-82,Transferencias: crítica sobre estos autores ,
Revista Contemporánea,,"Duque Uribe, Rafael",Reseñista,R.D. U.,NA,La nave,1 vol II,Abril de 1905,No,NA,Español,NA,Reseña,Notas,NA,La Nave de D'Annunzio,2.5,83-86,Transferencia: reseña sobre esta obra de teatro. Además mencionan que quien la escribió es el corresponsal en Madrid. Hay que buscar este autor porque puede ser un MEDIADOR importante,
Revista Contemporánea,,"Grillo, Maximiliano",Reseñista,NA,NA,Impresiones rápidas,1 vol II,Abril de 1905,No,NA,Español,NA,Reseña,Notas,NA,Impresiones rápidas de Alfredo Gómez Jaime,4,46-90,Transferencia local: reseña y crítica sobre el libro del autor colombiano,
Revista Contemporánea,,"Ortega, Alfredo",Creador,NA,NA,Ruinas,1 vol II,Abril de 1905,No,NA,Español,NA,Poesía,Notas,NA,NA,1.5,90-91,NA,
Revista Contemporánea,,Anónimo,Creador,NA,NA,Vargas Vila y su obra,1 vol II,Abril de 1905,No,NA,Español,NA,Prosa No ficción,Notas,NA,NA,3.5,92-95,"Transferencia local: comentario sobre Vargas Vila, pero algunos apartes los extraen de un texto de El Diario de Buenos Aired 20 de dciembre de 1904 escrito por Eugenio Díaz Romero",
Revista Contemporánea,,Anónimo,Creador,NA,NA,De la Cruzada de los Niños,1 vol II,Abril de 1905,No,NA,Español,NA,Prosa No ficción,Notas,NA,NA,0.7,95-96,Transferencias: Comentario sobre la opera que crearon de la obra La Cruzada de los niños (obra que se publicó en esta revista,
Revista Contemporánea,,Anónimo,Creador,NA,NA,NA,1 vol II,Abril de 1905,No,NA,Español,NA,Prosa No ficción,Notas,NA,NA,0.8,96,Transferencia: comentario sobre los artículos publicados en Contemporánea y  que publicó  El Cojo Ilustrado de Caracas. Un llamado de atención paraque le de los créditos a Contemporánea,
Revista Contemporánea,,Anónimo,Creador,NA,NA,NA,1 vol II,Abril de 1905,No,NA,Español,NA,Publicidad,NA,NA,NA,2,NA,Transferencias locales: promoción de algunos libros y lebrerias,
Revista Contemporánea,,"Sanín Cano, Baldomero",Director,NA,Colombia,Revista Contemporánea. Publicación mensual,2 vol II,Mayo de 1905,No,NA,Español,NA,Prosa No ficción,NA,NA,NA,2,NA,Información e índice de la revista,
Revista Contemporánea,,"Sanín Cano, Baldomero",Director,NA,Colombia,Rafael M. merchán,2 vol II,Mayo de 1905,No,NA,Español,NA,Prosa No ficción,NA,NA,NA,12,97-109,Transferencias: crítica sobre autor extranjero,
Revista Contemporánea,,Anónimo,Ilustrador,NA,NA,NA,2 vol II,Mayo de 1905,No,NA,NA,NA,Imagen,NA,NA,NA,0.3,110,NA,
Revista Contemporánea,,"Hinestroza Daza, Ricardo",Creador,NA,Colombia,Psicología zoológica,2 vol II,Mayo de 1905,No,NA,Español,NA,Prosa No ficción,NA,NA,NA,2.7,110-113,NA,
Revista Contemporánea,,"Grant, Allen",Creador,NA,NA,Psicología de la mariposa (I),2 vol II,Mayo de 1905,Sí,R.H.D. ,Español,Inglés,Prosa No ficción,NA,NA,NA,6.5,114-120,NA,
Revista Contemporánea,,"Grant, Allen",Creador,NA,NA,Estética de la mariposa (I),2 vol II,Mayo de 1905,Sí,R.H.D. ,Español,Inglés,Prosa No ficción,NA,NA,NA,4,120-125,NA,
Revista Contemporánea,,Anónimo,Creador,NA,NA,NA,2 vol II,Mayo de 1905,No,NA,NA,NA,Imagen,NA,NA,NA,0.5,125,NA,
Revista Contemporánea,,"Carrasquilla L, Juan de Dios",Creador,NA,Colombia,Estudios prehistóricos (II). Orogenia,2 vol II,Mayo de 1905,No,NA,Español,NA,Prosa No ficción,NA,NA,NA,13,126-139,NA,
Revista Contemporánea,,Anónimo,Ilustrador,NA,NA,NA,2 vol II,Mayo de 1905,No,NA,NA,NA,Imagen,NA,NA,NA,0.3,140,NA,
Revista Contemporánea,,"Valencia, Francisco",Creador,Pacho Valencia,Colombia,Pecadora,2 vol II,Mayo de 1905,No,NA,Español,NA,Poesía,NA,NA,NA,1.7,140-141,NA,
Revista Contemporánea,,"Arce, Julio César",Creador,NA,Colombia,La viajera de la noche,2 vol II,Mayo de 1905,No,NA,Español,NA,Poesía,NA,NA,NA,1.3,142-143,NA,
Revista Contemporánea,,Anónimo,Ilustrador,NA,NA,NA,2 vol II,Mayo de 1905,No,NA,NA,NA,Imagen,NA,NA,NA,0.7,143,NA,
Revista Contemporánea,,"Mikhaël, Efraín",Creador,NA,Francia,Milagros,2 vol II,Mayo de 1905,Sí,NA,Español,Francés,Prosa Ficción,NA,NA,NA,3.5,144-147,Transferencia: traducción,
Revista Contemporánea,,Anónimo,Ilustrador,NA,NA,NA,2 vol II,Mayo de 1905,No,NA,NA,NA,Imagen,NA,NA,NA,0.5,147,NA,
Revista Contemporánea,,Anónimo,Ilustrador,NA,NA,NA,2 vol II,Mayo de 1905,No,NA,NA,NA,Imagen,NA,NA,NA,0.3,148,NA,
Revista Contemporánea,,"Sánchez, Alberto",Creador,NA,Colombia,Notas de un impresionista,2 vol II,Mayo de 1905,No,NA,Español,NA,Prosa No ficción,NA,NA,NA,3,148-151,NA,
Revista Contemporánea,,Anónimo,Ilustrador,NA,NA,NA,2 vol II,Mayo de 1905,No,NA,NA,NA,Imagen,NA,NA,NA,0.7,151,NA,
Revista Contemporánea,,"Pérez Triana, Santiago",Creador,NA,Colombia,Apuntes internacionales. Devolución de banderas,2 vol II,Mayo de 1905,No,NA,Español,NA,Prosa No ficción,NA,NA,NA,6,152-158,Transferencia: (política) análisis sobre la guerra separatista de USA,
Revista Contemporánea,,Anónimo,Ilustrador,NA,NA,NA,2 vol II,Mayo de 1905,No,NA,NA,NA,Imagen,NA,NA,NA,0.3,159,NA,
Revista Contemporánea,,"Darío, Rubén",Creador,NA,Nicaragua,Prólogo a un libro de Pérez Triana,2 vol II,Mayo de 1905,No,NA,Español,NA,Prosa No ficción,Prólogo,NA,NA,5.4,159-166,Transferencias locales: lo que dicen otros de los autores locales,
Revista Contemporánea,,Anónimo,Ilustrador,NA,NA,NA,2 vol II,Mayo de 1905,No,NA,NA,NA,Imagen,NA,NA,NA,0.3,166,NA,
Revista Contemporánea,,"Hinestroza Daza, Ricardo",Creador,NA,Colombia,Revue Des Idées,2 vol II,Mayo de 1905,No,NA,Español,NA,Prosa No ficción,NA,NA,NA,6,167-173,Transferencias: análisis de los textos publicados en la revista francesa y de los cuales Conteporánea ha hablado. Quieren mostrar la importancia de sus ideas validándola desde otros discursos y plataformas.,
Revista Contemporánea,,"Sanín Cano, Baldomero",Director,NA,Colombia,En el teatro Juan José,2 vol II,Mayo de 1905,No,NA,Español,NA,Prosa No ficción,Notas,NA,NA,3,174-176,Transferencias: comentario crítico sobre la obra de teatro de Dicente,
Revista Contemporánea,,"Sanín Cano, Baldomero",Director,NA,Colombia,Centenario,2 vol II,Mayo de 1905,No,NA,Español,NA,Prosa No ficción,Notas,NA,NA,3.7,177-180,Transfrencias: comentario crítico sobre la obra de Cervantes y Shakespeare,
Revista Contemporánea,,"Samper, Emilio",Creador,E.S.,NA,Peligro amarillo,2 vol II,Mayo de 1905,No,NA,Español,NA,Prosa No ficción,Notas,NA,NA,1.5,180-182,NA,
Revista Contemporánea,,Anónimo,Reseñista,NA,NA,"""Lecturas para el hogar""",2 vol II,Mayo de 1905,No,NA,Español,NA,Reseña de revista,Notas,NA,"""Lecturas para el Hogar"" de Soledad Acosta de Samper",0.5,182,Transferencia local: reseña de revista ,
Revista Contemporánea,,Anónimo,Reseñista,NA,NA,El día literario,2 vol II,Mayo de 1905,No,NA,Español,NA,Reseña de revista,Notas,NA,"""El Día Literario"" de Manuel A. Carvajal (Cali)",0.3,182,Transferencia local: reseña de revista ,
Revista Contemporánea,,Anónimo,Reseñista,NA,NA,Tierra de Jesús,2 vol II,Mayo de 1905,No,NA,Español,NA,Reseña,Notas,NA,Tierra de Jesús de la Italiana Matilde Serao,1.4,183-184,Transferencias locales e internacionales: aparte de la reseña de este libro se menciona y resalta la labor de la Imprenta La Luz y los libros que ha traducido y editado,
Revista Contemporánea,,Anónimo,Creador,NA,NA,NA,2 vol II,Mayo de 1905,No,NA,Español,NA,Prosa Ficción,Notas,NA,NA,2.1,184-186,NA,
Revista Contemporánea,,"Gálvez, Manuel (hijo)",Creador,NA,Argentina,Inocencia,2 vol II,Mayo de 1905,No,NA,Español,NA,Prosa No ficción,Notas,NA,NA,3,186-189,"Transferencias: reproducen el texto sobre la obra Inocencia de Rendón (la revista hizo una reseña de esta obra en el número 1), de Manuel Gálvez (hijo) director de la revista Argentina Ideas",
Revista Contemporánea,,"Ortega, Alfredo",Creador,A.O.,NA,Ruinas,2 vol II,Mayo de 1905,No,NA,Español,NA,Prosa Ficción,Notas,NA,NA,1.7,189-191,NA,
Revista Contemporánea,,Anónimo,Creador,NA,NA,NA,2 vol II,Mayo de 1905,No,NA,Español,NA,Prosa No ficción,Notas,NA,NA,1.3,191-192,Notas sobre lo dificil que es editar una revista,
Revista Contemporánea,,Anónimo,Creador,NA,NA,NA,2 vol II,Mayo de 1905,No,NA,Español,NA,Prosa No ficción,Notas,NA,NA,0.5,192,Notas sobre la creación de Contemporánea,
Revista Contemporánea,,Anónimo,Creador,NA,NA,NA,2 vol II,Mayo de 1905,No,NA,Español,NA,Publicidad,NA,NA,NA,2,NA,Transferencias: aquí promocionan algunas imprentas y mencionan los libros que publican.,
Revista Contemporánea,,Anónimo,Creador,NA,NA,"La Revue. Ancienne ""Revue des Revues""",2 vol II,Mayo de 1905,No,NA,Francés,Francés,Publicidad,NA,NA,NA,1,NA,Transferencia: tengo qué verificar esta información porque está en francés,
Revista Contemporánea,,"Sanín Cano, Baldomero",Director,NA,Colombia,Revista Contemporánea. Publicación mensual,3 vol II,Junio de 1905,No,NA,Español,NA,Prosa No ficción,NA,NA,NA,2,NA,Información e índice de la revista,
Revista Contemporánea,,"Hinestroza Daza, Ricardo",Creador,NA,Colombia,El impresionismo en Bogotá (I),3 vol II,Junio de 1905,No,NA,Español,NA,Prosa No ficción,NA,NA,NA,31,193-224,NA,
Revista Contemporánea,,Anónimo,Ilustrador,NA,NA,NA,3 vol II,Junio de 1905,No,NA,NA,NA,Imagen,NA,NA,NA,0.3,225,NA,
Revista Contemporánea,,"Jiménez, Juan Ramón",Creador,NA,España,Por el sendero florido,3 vol II,Junio de 1905,No,NA,Español,NA,Poesía,NA,NA,NA,2.4,225-227,"Transferencia: publicación de otros autores. También tiene la siguiente nota al pie: ""Del libro Teatro de ensueño, original de G. Martínez Sierra, próximo á publicarse""",
Revista Contemporánea,,Anónimo,Ilustrador,NA,NA,NA,3 vol II,Junio de 1905,No,NA,NA,NA,Imagen,NA,NA,NA,0.3,227,NA,
Revista Contemporánea,,"Martínez Sierra, Gregorio",Creador,NA,España,Paisajes mudables,3 vol II,Junio de 1905,No,NA,Español,NA,Prosa Ficción,NA,NA,NA,17,228-245,Transferencias: publicación de autor español,
Revista Contemporánea,,Anónimo,Ilustrador,NA,NA,NA,3 vol II,Junio de 1905,No,NA,NA,NA,Imagen,NA,NA,NA,0.3,246,NA,
Revista Contemporánea,,"García Ortiz, Laureano",Creador,NA,Colombia,Grata memoria,3 vol II,Junio de 1905,No,NA,Español,NA,Prosa Ficción,NA,NA,NA,9.7,246-254,NA,
Revista Contemporánea,,Anónimo,Ilustrador,NA,NA,NA,3 vol II,Junio de 1905,No,NA,NA,NA,Imagen,NA,NA,NA,0.3,255,NA,
Revista Contemporánea,,"Posada, Eduardo",Creador,NA,Colombia,Palacio presidencial,3 vol II,Junio de 1905,No,NA,Español,NA,Prosa No ficción,NA,NA,NA,6.7,255-262,NA,
Revista Contemporánea,,"Díaz Romero, Eugenio",Creador,NA,Argentina,Amori et Dolori sacrum,3 vol II,Junio de 1905,No,NA,Español,NA,Poesía,NA,NA,NA,6.4,263-274,Transferencia: publicación de autor argentino,
Revista Contemporánea,,Anónimo,Ilustrador,NA,NA,NA,3 vol II,Junio de 1905,No,NA,NA,NA,Imagen,NA,NA,NA,0.6,274,NA,
Revista Contemporánea,,Anónimo,Creador,NA,NA,En brindis de Irving,3 vol II,Junio de 1905,No,NA,Español,NA,Prosa No ficción,Notas,NA,NA,2.7,275-278,Transferencias: texto tomado de un periódico neoyorkino en español,
Revista Contemporánea,,"Duque Uribe, Rafael",Creador,"D'Oribe, R.",NA,Música,3 vol II,Junio de 1905,No,NA,Español,NA,Prosa No ficción,Notas,NA,NA,2,278-280,Transferencias musicales: comentarios sobre música,
Revista Contemporánea,,Anónimo,Creador,NA,NA,Flórez en Caracas,3 vol II,Junio de 1905,No,NA,Español,NA,Prosa No ficción,Notas,NA,NA,1.3,280-281,Transferencias : reproducen los comentarios que se han hecho en Caracas sobre el poeta Julio Flórez,
Revista Contemporánea,,Anónimo,Creador,NA,NA,NA,3 vol II,Junio de 1905,No,NA,Español,NA,Prosa No ficción,Notas,NA,NA,0.4,282,Transferencia ideológoca: comentan qué textos inéditos de autores españoles han publicado.,
Revista Contemporánea,,Anónimo,Reseñista,NA,NA,Revista Moderna de México,3 vol II,Junio de 1905,No,NA,Español,NA,Reseña de revista,Notas,NA,Revista Modena de México,1,282-283,Transferencias: reseña de revistas mexicana,
Revista Contemporánea,,"Sanín Cano, Baldomero",Director,NA,Colombia,Civilización Cristiana,3 vol II,Junio de 1905,No,NA,Español,NA,Prosa Ficción,Notas,NA,NA,2.1,283-285,NA,
Revista Contemporánea,,Anónimo,Creador,R.D.U.,NA,NA,3 vol II,Junio de 1905,No,NA,Español,NA,Prosa No ficción,Notas,NA,NA,1.5,285-286,Trabsferencias: comentario sobre traducciones,
Revista Contemporánea,,"Grillo, Maximiliano",Reseñista,NA,NA,Puñao de rosas,3 vol II,Junio de 1905,No,NA,Español,NA,Reseña,Notas,NA,Puñao de rosas de Carlos Arniches,2,287-288,Trabsferencias: comentario sobre obra ,
Revista Contemporánea,,Anónimo,Creador,NA,NA,NA,3 vol II,Junio de 1905,No,NA,Español,NA,Publicidad,NA,NA,NA,2,NA,Transferencias: aquí promocionan algunas imprentas y mencionan los libros que publican.,
Revista Contemporánea,,Anónimo,Creador,NA,NA,"La Revue. Ancienne ""Revue des Revues""",3 vol II,Junio de 1905,No,NA,Francés,Francés,Publicidad,NA,NA,NA,1,NA,Transferencia: tengo qué verificar esta información porque está en francés,
Revista Contemporánea,,"Sanín Cano, Baldomero",Director,NA,Colombia,Revista Contemporánea. Publicación mensual,4 vol II,Julio de 1905,No,NA,Español,NA,Prosa No ficción,NA,NA,NA,2,NA,Información e índice de la revista,
Revista Contemporánea,,"Carrasquilla L, Juan de Dios",Creador,NA,Colombia,Estudios prehistóricos (III). La Cordillera de los Andes,4 vol II,Julio de 1905,No,NA,Español,NA,Prosa No ficción,NA,NA,NA,7,289-296,NA,
Revista Contemporánea,,Anónimo,Ilustrador,NA,NA,NA,4 vol II,Julio de 1905,No,NA,NA,NA,Imagen,NA,NA,NA,0.3,297,NA,
Revista Contemporánea,,"Grillo, Maximiliano",Creador,Max Grillo,Colombia,Cuento breve.Felipín,4 vol II,Julio de 1905,No,NA,Español,NA,Prosa Ficción,Cuentos breves,NA,NA,6.7,297-304,NA,
Revista Contemporánea,,"Uribe Holguin, Guillermo",Creador,NA,Colombia,Sobre música,4 vol II,Julio de 1905,No,NA,Español,NA,Prosa No ficción,NA,NA,NA,11,305-316,Transferencias: análisis sobre la música en el mundo,
Revista Contemporánea,,"Londoño, Víctor Manuel",Creador,NA,Colombia,Visión trágica,4 vol II,Julio de 1905,No,NA,Español,NA,Poesía,NA,NA,NA,1.7,317-318,NA,
Revista Contemporánea,,Anónimo,Ilustrador,NA,NA,NA,4 vol II,Julio de 1905,No,NA,NA,NA,Imagen,NA,NA,NA,0.3,318,NA,
Revista Contemporánea,,Anónimo,Ilustrador,NA,NA,NA,4 vol II,Julio de 1905,No,NA,NA,NA,Imagen,NA,NA,NA,0.3,319,NA,
Revista Contemporánea,,"Acosta, Javier",Creador,NA,Colombia,Invocación,4 vol II,Julio de 1905,No,NA,Español,NA,Poesía,NA,"Tirado Macías, Ricardo",NA,1.4,319-320,NA,
Revista Contemporánea,,Anónimo,Ilustrador,NA,NA,NA,4 vol II,Julio de 1905,No,NA,NA,NA,Imagen,NA,NA,NA,0.3,320,NA,
Revista Contemporánea,,"Acosta, Javier",Creador,NA,Colombia,Priére. Á Notre-Dame La lune,4 vol II,Julio de 1905,No,NA,Español,NA,Poesía,NA,"Villegas, Aquilino",NA,1,321,NA,
Revista Contemporánea,,"Villegas, Luis Eduardo",Creador,NA,Colombia,Cuestiones gramaticales,4 vol II,Julio de 1905,No,NA,Español,NA,Prosa No ficción,NA,NA,NA,10.5,322-333,NA,
Revista Contemporánea,,"Cuervo, Rufino José",Creador,NA,Colombia,"""Paris, 7 de diciembre de 1898""2, Rue Largilliére""",4 vol II,Julio de 1905,No,NA,Español,NA,Prosa No ficción,NA,NA,NA,1,333-334,Esta es una carta de Cuervo en respuesta al artículo de Villegas sobre gramática,
Revista Contemporánea,,Anónimo,Ilustrador,NA,NA,NA,4 vol II,Julio de 1905,No,NA,NA,NA,Imagen,NA,NA,NA,0.5,334,NA,
Revista Contemporánea,,"Sánchez, Alberto",Creador,NA,Colombia,Notas de un impresionista,4 vol II,Julio de 1905,No,NA,Español,NA,Prosa No ficción,NA,NA,NA,3,335-338,NA,
Revista Contemporánea,,Anónimo,Ilustrador,NA,NA,NA,4 vol II,Julio de 1905,No,NA,NA,NA,Imagen,NA,NA,NA,0.3,339,NA,
Revista Contemporánea,,"Valencia, Francisco",Creador,Pacho Valencia,Colombia,Los bárbaros,4 vol II,Julio de 1905,No,NA,Español,NA,Poesía,NA,A mis hermanos en el Arte,NA,2.7,339-341,NA,
Revista Contemporánea,,Anónimo,Ilustrador,NA,NA,NA,4 vol II,Julio de 1905,No,NA,NA,NA,Imagen,NA,NA,NA,0.3,342,NA,
Revista Contemporánea,,"Pérez Monosalva, Santiago ",Creador,NA,Colombia,Vivo o muerto,4 vol II,Julio de 1905,No,NA,Español,NA,Prosa No ficción,NA,NA,NA,21.4,342-364,"Nota al pie: ""Esta producción del ilustre ex-Presidente de Colombia es poco menos que indita para sus compatriotas. Fue publicada en New York, hace cosa de veine años, bajo el seudónimo Demos, en un periódico de muy escasa circulación entre nosotros.",
Revista Contemporánea,,Anónimo,Creador,NA,Colombia,NA,4 vol II,Julio de 1905,No,NA,NA,NA,Imagen,NA,NA,NA,0.3,364,NA,
Revista Contemporánea,,Anónimo,Ilustrador,NA,NA,NA,4 vol II,Julio de 1905,No,NA,NA,NA,Imagen,NA,NA,NA,0.3,365,NA,
Revista Contemporánea,,"Valencia, Guillermo",Creador,NA,Colombia,Telepatía,4 vol II,Julio de 1905,No,NA,Español,NA,Poesía,NA,"Pombo, Rafael",NA,0.7,365,NA,
Revista Contemporánea,,"Paillié, Francisco A.",Creador,NA,Colombia,Estados del alma,4 vol II,Julio de 1905,No,NA,Español,NA,Prosa Ficción,Notas,NA,NA,2,366-368,NA,
Revista Contemporánea,,"Duque Uribe, Rafael",Creador,"D'Oribe, R.",Colombia,Música,4 vol II,Julio de 1905,No,NA,Español,NA,Prosa No ficción,Notas,NA,NA,2,369-370,NA,
Revista Contemporánea,,"Sanín Cano, Baldomero",Director,NA,Colombia,El honor militar,4 vol II,Julio de 1905,No,NA,Español,NA,Prosa No ficción,Notas,NA,NA,2,371-372,NA,
Revista Contemporánea,,"Bueno, Manuel",Creador,NA,España,D. Juan Valera,4 vol II,Julio de 1905,No,NA,Español,NA,Prosa No ficción,Notas,NA,NA,3.7,373-376,Transferencias: reproducción de artículo de otra revista. Tomado de la Unión Iberoamericana del 30 de abril,
Revista Contemporánea,,"Sanín Cano, Baldomero",Director,NA,Colombia,Guerra ruso-japonesa,4 vol II,Julio de 1905,No,NA,Español,NA,Prosa No ficción,Notas,NA,NA,2.6,376-379,NA,
Revista Contemporánea,,Anónimo,Creador,NA,NA,NA,4 vol II,Julio de 1905,No,NA,Español,NA,Prosa No ficción,Notas,NA,NA,0.2,379,NA,
Revista Contemporánea,,Anónimo,Reseñista,NA,NA,NA,4 vol II,Julio de 1905,No,NA,Español,NA,Reseña,Notas,NA,Guía práctico-forense y comercial,0.3,379,Transferencia local: promoción de libro,
Revista Contemporánea,,Anónimo,Creador,NA,NA,NA,4 vol II,Julio de 1905,No,NA,Español,NA,Prosa No ficción,Notas,NA,NA,0.3,379,Transferencia: Sumario de a revista dell' Emporium número 125,
Revista Contemporánea,,"Martón é Izaguirre, J",Creador,NA,España,Información de España. Echegaray-Balart-Valera y Reina-Iberomaericanismo-Política española-Libros y teatros-Rubén Darío,4 vol II,Julio de 1905,No,NA,Español,NA,Prosa No ficción,Notas,NA,NA,4,380-384,"Transferencias: distintas noticias sobre aspectos epañoles, los que se mencionan el el subtítulo",
Revista Contemporánea,,Anónimo,Creador,NA,NA,NA,4 vol II,Julio de 1905,No,NA,Español,NA,Publicidad,NA,NA,NA,2,NA,Transferencias: aquí promocionan algunas imprentas y mencionan los libros que publican.,
Revista Contemporánea,,Anónimo,Creador,NA,NA,"La Revue. Ancienne ""Revue des Revues""",4 vol II,Julio de 1905,No,NA,Francés,NA,Publicidad,NA,NA,NA,1,NA,Transferencia: promoción de una revista francesa,
Revista Contemporánea,,"Sanín Cano, Baldomero",Director,NA,Colombia,Revista Contemporánea. Publicación mensual,5 vol II,Agosto de 1905,No,NA,Español,NA,Prosa No ficción,NA,NA,NA,2,NA,Información e índice de la revista,
Revista Contemporánea,,"Posada, Eduardo",Creador,NA,Colombia,Quinta de Bolívar,5 vol II,Agosto de 1905,No,NA,Español,NA,Prosa No ficción,NA,NA,NA,13,385-398,NA,
Revista Contemporánea,,Anónimo,Ilustrador,NA,NA,NA,5 vol II,Agosto de 1905,No,NA,NA,NA,Imagen,NA,NA,NA,0.3,399,NA,
Revista Contemporánea,,"Tirado Macías, Ricardo",Creador,NA,Colombia,A Julio Florez,5 vol II,Agosto de 1905,No,NA,Español,NA,Poesía,NA,NA,NA,1.4,399-400,Transferencias local: poema dedicado a un autor colombiano. Además de que en el epígrafe menciona una de las obras del autor,
Revista Contemporánea,,Anónimo,Ilustrador,NA,NA,NA,5 vol II,Agosto de 1905,No,NA,NA,NA,Imagen,NA,NA,NA,0.3,400,NA,
Revista Contemporánea,,Anónimo,Ilustrador,NA,NA,NA,5 vol II,Agosto de 1905,No,NA,NA,NA,Imagen,NA,NA,NA,0.3,401,NA,
Revista Contemporánea,,"Cano, Antonio J",Creador,NA,Colombia,El canto del Quijote,5 vol II,Agosto de 1905,No,NA,Español,NA,Poesía,NA,NA,NA,2.7,401-403,"Transferencias: poema dedicado a una figura de la literatura ""El Quijote""",
Revista Contemporánea,,"García Ortiz, Laureano",Creador,NIEMAN,Colombia,Apuntaciones marginales,5 vol II,Agosto de 1905,No,NA,Español,NA,Prosa No ficción,NA,NA,NA,5,404-409,Transferencia: comentario sobre un libro de historia colombiana publicado en francés,
Revista Contemporánea,,Anónimo,Ilustrador,NA,NA,NA,5 vol II,Agosto de 1905,No,NA,NA,NA,Imagen,NA,NA,NA,0.3,410,NA,
Revista Contemporánea,,"Sánchez, Alberto",Creador,NA,Colombia,Notas de un impresionista,5 vol II,Agosto de 1905,No,NA,Español,NA,Prosa No ficción,NA,"Calderón, Carlos",NA,2.7,410-413,NA,
Revista Contemporánea,,Anónimo,Ilustrador,NA,NA,NA,5 vol II,Agosto de 1905,No,NA,NA,NA,Imagen,NA,NA,NA,0.3,414,NA,
Revista Contemporánea,,"Pérez Triana, Santiago",Creador,NA,Colombia,Conferencia en la Unión Ibero-Americana,5 vol II,Agosto de 1905,No,NA,Español,NA,Prosa No ficción,Conferencia,NA,NA,13.4,414-428,Transferencia: discurso sobre la unión ibero-americana y la importancia de la unión de los países de habla española frente al imperialismp estadounidense,
Revista Contemporánea,,Anónimo,Ilustrador,NA,NA,NA,5 vol II,Agosto de 1905,No,NA,NA,NA,Imagen,NA,NA,NA,0.3,428,NA,
Revista Contemporánea,,Anónimo,Ilustrador,NA,NA,NA,5 vol II,Agosto de 1905,No,NA,NA,NA,Imagen,NA,NA,NA,0.3,429,NA,
Revista Contemporánea,,"Grillo, Maximiliano",Creador,M.G.,NA,Diego Fallon,5 vol II,Agosto de 1905,No,NA,Español,NA,Prosa No ficción,NA,NA,NA,5.7,429-435,"Transferencia: texto tomado de Revista Gris (hace once años) Transcribo: Los párrafos que se verán en seguida, escritos hace once años en  la Revista Gris, contienen un juicio cariñoso sobre el poeta Fallon, muerto hace pocos días"" (pag.429)",
Revista Contemporánea,,"Duque Uribe, Rafael",Creador,"D'Oribe, R.",Colombia,La antorcha bajo el celemín,5 vol II,Agosto de 1905,No,NA,Español,NA,Prosa No ficción,NA,NA,NA,7,436-443,"Transferencias: comentario sobre la obra de teatro de Gabiel D´ Annunzio La Antorcha bajo el celemín. Esto lo hacen a partir de la lectura de las escenas publicadas en los diarios Corriere della Sera, de Milám y La Tribuna de Roma.",
Revista Contemporánea,,Anónimo,Ilustrador,NA,NA,NA,5 vol II,Agosto de 1905,No,NA,NA,NA,Imagen,NA,NA,NA,0.3,444,NA,
Revista Contemporánea,,"Carvajal, Alberto",Creador,NA,Colombia,Ritmos Breves. Paisaje de la tarde,5 vol II,Agosto de 1905,No,NA,Español,NA,Poesía,NA,NA,NA,0.7,444,NA,
Revista Contemporánea,,Anónimo,Ilustrador,NA,NA,NA,5 vol II,Agosto de 1905,No,NA,NA,NA,Imagen,NA,NA,NA,0.3,445,NA,
Revista Contemporánea,,"Pérez Monsalva, Santiago",Creador,NA,Colombia,Vivo o muerto,5 vol II,Agosto de 1905,No,NA,Español,NA,Prosa No ficción,NA,NA,NA,29.7,445-475,NA,
Revista Contemporánea,,"Grillo, Maximiliano",Creador,NA,NA,Fiestas galantes. Minué,5 vol II,Agosto de 1905,No,NA,Español,NA,Prosa Ficción,Notas,NA,NA,1.5,476-477,NA,
Revista Contemporánea,,"Sanín Cano, Baldomero",Director,NA,Colombia,Reforma en las escuelas,5 vol II,Agosto de 1905,No,NA,Español,NA,Prosa Ficción,Notas,NA,NA,3,477-480,NA,
Revista Contemporánea,,Anónimo,Creador,NA,NA,Libros recibidos,5 vol II,Agosto de 1905,No,NA,Español,NA,Prosa No ficción,Notas,NA,NA,0.5,480,"Transferencias: Libros recibidos: Constrastes. Novela histórica de costumbres bogotanas, por Rodrigo de Rahavanez.1905, 274 páginas. Forero F, Editor: Escritos y discursos de Francisco P Muñoz. Tomo 2° Entrega 11. Medellín: la gran apoteosis de Isaacs. Medellín.1905.140 páginas: Kundry por gabriel Latorre. Medellín. Libreria de Antonio J, Cano.1905.178 páginas: Poesías por R Escobar Roa y Calderón Flórez: Estudios sobre el derechi civil colombiano, por Fernando Vélez. Tomo 4°,1905. Medellín. Editor Carlos A Molina.511 páginas: Capítulos de una historia civil y  militar de Colombia, por F.J. Vergara y Velasco. Con una carta de Colombia. Bogotá.1905.192, páginas: ",
Revista Contemporánea,,Anónimo,Creador,NA,NA,NA,5 vol II,Agosto de 1905,No,NA,Español,NA,Publicidad,NA,NA,NA,2,NA,Transferencias: aquí promocionan algunas imprentas y mencionan los libros que publican.,
Revista Contemporánea,,Anónimo,Creador,NA,NA,"La Revue. Ancienne ""Revue des Revues""",5 vol II,Agosto de 1905,No,NA,Francés,Francés,Prosa No ficción,NA,NA,NA,1,NA,Transferencias: promoción de una revista francesa,
Revista Contemporánea,,"Sanín Cano, Baldomero",Director,NA,Colombia,Revista Contemporánea. Publicación mensual,6 vol II,Septiembre de 1905,No,NA,Español,NA,Prosa No ficción,NA,NA,NA,2,NA,Información e índice de la revista,
Revista Contemporánea,,"Altenberg, Peter",Creador,NA,Austria,Paulina,6 vol II,Septiembre de 1905,Sí,R.H.D y B.S.C.,Español,Alemán,Prosa Ficción,NA,NA,NA,24.7,481-506,Transferencia: traducción,
Revista Contemporánea,,Anónimo,Ilustrador,NA,NA,NA,6 vol II,Septiembre de 1905,No,NA,NA,NA,Imagen,NA,NA,NA,0.3,506,NA,
Revista Contemporánea,,"Posada, Eduardo",Creador,NA,Colombia,Los capuchinos,6 vol II,Septiembre de 1905,No,NA,Español,NA,Prosa No ficción,NA,NA,NA,20.7,507-527,NA,
Revista Contemporánea,,Anónimo,Ilustrador,NA,NA,NA,6 vol II,Septiembre de 1905,No,NA,NA,NA,Imagen,NA,NA,NA,0.3,527,NA,
Revista Contemporánea,,Anónimo,Ilustrador,NA,NA,NA,6 vol II,Septiembre de 1905,No,NA,NA,NA,Imagen,NA,NA,NA,0.3,528,NA,
Revista Contemporánea,,"Carvajal, Manuel A",Creador,NA,Colombia,Himno tardío,6 vol II,Septiembre de 1905,No,NA,Español,NA,Poesía,NA,"Pombo, Rafael",NA,0.7,528,NA,
Revista Contemporánea,,Anónimo,Ilustrador,NA,NA,NA,6 vol II,Septiembre de 1905,No,NA,NA,NA,Imagen,NA,NA,NA,0.3,529,NA,
Revista Contemporánea,,"Arce, Julio César",Creador,NA,Colombia,Ofrenda,6 vol II,Septiembre de 1905,No,NA,Español,NA,Poesía,NA,NA,NA,1.4,529-530,NA,
Revista Contemporánea,,Anónimo,Ilustrador,NA,NA,NA,6 vol II,Septiembre de 1905,No,NA,NA,NA,Imagen,NA,NA,NA,0.3,530,NA,
Revista Contemporánea,,Anónimo,Ilustrador,NA,NA,NA,6 vol II,Septiembre de 1905,No,NA,NA,NA,Imagen,NA,NA,NA,0.3,531,NA,
Revista Contemporánea,,"Restrepo, Saturnino",Creador,NA,Colombia,D. Juan Valera,6 vol II,Septiembre de 1905,No,NA,Español,NA,Prosa No ficción,NA,NA,NA,17.4,531-549,Transferencias: comentarios crítico sobre el escritor español,
Revista Contemporánea,,Anónimo,Ilustrador,NA,NA,NA,6 vol II,Septiembre de 1905,No,NA,NA,NA,Imagen,NA,NA,NA,0.3,549,NA,
Revista Contemporánea,,"Valencia, Francisco",Creador,Pacho Valencia,Colombia,Ave femina,6 vol II,Septiembre de 1905,No,NA,Español,NA,Poesía,NA,NA,NA,2,550-551,NA,
Revista Contemporánea,,"Grillo, Maximiliano",Creador,Max Grillo,Colombia,A quien va á leer,6 vol II,Septiembre de 1905,No,NA,Español,NA,Prosa Ficción,Prólogo,NA,NA,6.3,552-558,Transferencia local: prólogo del libro Raza vencida,
Revista Contemporánea,,Anónimo,Ilustrador,NA,NA,NA,6 vol II,Septiembre de 1905,No,NA,NA,NA,Imagen,NA,NA,NA,0.3,558,NA,
Revista Contemporánea,,"Sanín Cano, Baldomero",Director,NA,Colombia,La lepra,6 vol II,Septiembre de 1905,No,NA,Español,NA,Prosa No ficción,Notas,NA,NA,3,559-561,NA,
Revista Contemporánea,,"Sanín Cano, Baldomero",Director,NA,Colombia,El monopolio,6 vol II,Septiembre de 1905,No,NA,Español,NA,Prosa No ficción,Notas,NA,NA,2,562-563,,
Revista Contemporánea,,Anónimo,Reseñista,NA,NA,Revista Contemporánea.  ,6 vol II,Septiembre de 1905,No,NA,Español,NA,Reseña de revista,Revistas Colombianas,NA,"Revista Contemporánea (Bogotá, Colombia)",2,565-566,Transferencias: reseña de la revista. Este texto fue tomado de El Cojo Ilustrado de Caracas,
Revista Contemporánea,,Anónimo,Creador,NA,NA,Actas de la sociedad Revista Contemporánea,6 vol II,Septiembre de 1905,No,NA,Español,NA,Prosa No ficción,Notas,NA,NA,4,567-571,NA,
Revista Contemporánea,,Anónimo,Creador,NA,NA,Índice del volumen II,6 vol II,Septiembre de 1905,No,NA,Español,NA,Prosa No ficción,Indice,NA,NA,5,571-576,NA,
Revista Contemporánea,,Anónimo,Creador,NA,NA,NA,6 vol II,Septiembre de 1905,No,NA,Español,NA,Publicidad,NA,NA,NA,2,NA,Transferencia: aquí promocionan algunas imprentas y mencionan algunos libros,
Revista Contemporánea,,Anónimo,Creador,NA,NA,"La Revue. Ancienne ""Revue des Revues""",6 vol II,Septiembre de 1905,No,NA,Francés,Francés,Prosa No ficción,NA,NA,NA,1,NA,Transferencia: publicidad de revista francesa,
